"","file","Global_sholl_auc","Global_sholl_peak","Global_sholl_radius_at_peak","Global_sholl_semilog_slope","Global_sholl_semilog_intercept","Global_sholl_radius_com","Global_sholl_r10","Global_sholl_r50","Global_sholl_r90","Global_sholl_width_r90_r10","Global_sholl_entropy","Global_convex_3D_volume","Global_alpha_3D_volume","Global_n_branches","Global_branch_len_mean","Global_branch_len_median","Global_branch_len_sd","Global_branch_len_min","Global_branch_len_max","Global_branch_tortuosity_mean","Global_branch_tortuosity_median","Global_branch_tortuosity_sd","Global_branch_tortuosity_max","Global_branch_contraction_mean","Global_branch_contraction_median","Global_branch_contraction_sd","Global_branch_contraction_min","Global_n_bifurcations","Global_bif_childpair_angle_min_mean","Global_bif_childpair_angle_min_median","Global_bif_childpair_angle_min_sd","Global_bif_childpair_angle_min_min","Global_bif_childpair_angle_min_max","Global_bif_parent_child_tilt_min_mean","Global_bif_parent_child_tilt_min_median","Global_bif_parent_child_tilt_min_sd","Global_bif_parent_child_tilt_min_min","Global_bif_parent_child_tilt_min_max","Global_bif_plane_torque_mean","Global_bif_plane_torque_median","Global_bif_plane_torque_sd","Global_bif_plane_torque_min","Global_bif_plane_torque_max","Global_n_terminals","Global_N_stems","Global_trunk_total_length","Global_max_branch_order","Global_extent_width","Global_extent_height","Global_extent_depth","Global_dendrite_total_length","Basal_sholl_auc","Basal_sholl_peak","Basal_sholl_radius_at_peak","Basal_sholl_semilog_slope","Basal_sholl_semilog_intercept","Basal_sholl_radius_com","Basal_sholl_r10","Basal_sholl_r50","Basal_sholl_r90","Basal_sholl_width_r90_r10","Basal_sholl_entropy","Basal_convex_3D_volume","Basal_alpha_3D_volume","Basal_n_branches","Basal_branch_len_mean","Basal_branch_len_median","Basal_branch_len_sd","Basal_branch_len_min","Basal_branch_len_max","Basal_branch_tortuosity_mean","Basal_branch_tortuosity_median","Basal_branch_tortuosity_sd","Basal_branch_tortuosity_max","Basal_branch_contraction_mean","Basal_branch_contraction_median","Basal_branch_contraction_sd","Basal_branch_contraction_min","Basal_n_bifurcations","Basal_bif_childpair_angle_min_mean","Basal_bif_childpair_angle_min_median","Basal_bif_childpair_angle_min_sd","Basal_bif_childpair_angle_min_min","Basal_bif_childpair_angle_min_max","Basal_bif_parent_child_tilt_min_mean","Basal_bif_parent_child_tilt_min_median","Basal_bif_parent_child_tilt_min_sd","Basal_bif_parent_child_tilt_min_min","Basal_bif_parent_child_tilt_min_max","Basal_bif_plane_torque_mean","Basal_bif_plane_torque_median","Basal_bif_plane_torque_sd","Basal_bif_plane_torque_min","Basal_bif_plane_torque_max","Basal_n_terminals","Basal_max_branch_order","Basal_extent_width","Basal_extent_height","Basal_extent_depth","Basal_dendrite_total_length","Tuft_sholl_auc","Tuft_sholl_peak","Tuft_sholl_radius_at_peak","Tuft_sholl_semilog_slope","Tuft_sholl_semilog_intercept","Tuft_sholl_radius_com","Tuft_sholl_r10","Tuft_sholl_r50","Tuft_sholl_r90","Tuft_sholl_width_r90_r10","Tuft_sholl_entropy","Tuft_convex_3D_volume","Tuft_alpha_3D_volume","Tuft_n_branches","Tuft_branch_len_mean","Tuft_branch_len_median","Tuft_branch_len_sd","Tuft_branch_len_min","Tuft_branch_len_max","Tuft_branch_tortuosity_mean","Tuft_branch_tortuosity_median","Tuft_branch_tortuosity_sd","Tuft_branch_tortuosity_max","Tuft_branch_contraction_mean","Tuft_branch_contraction_median","Tuft_branch_contraction_sd","Tuft_branch_contraction_min","Tuft_n_bifurcations","Tuft_bif_childpair_angle_min_mean","Tuft_bif_childpair_angle_min_median","Tuft_bif_childpair_angle_min_sd","Tuft_bif_childpair_angle_min_min","Tuft_bif_childpair_angle_min_max","Tuft_bif_parent_child_tilt_min_mean","Tuft_bif_parent_child_tilt_min_median","Tuft_bif_parent_child_tilt_min_sd","Tuft_bif_parent_child_tilt_min_min","Tuft_bif_parent_child_tilt_min_max","Tuft_bif_plane_torque_mean","Tuft_bif_plane_torque_median","Tuft_bif_plane_torque_sd","Tuft_bif_plane_torque_min","Tuft_bif_plane_torque_max","Tuft_n_terminals","Tuft_max_branch_order","Tuft_extent_width","Tuft_extent_height","Tuft_extent_depth","Tuft_dendrite_total_length","Oblique_sholl_auc","Oblique_sholl_peak","Oblique_sholl_radius_at_peak","Oblique_sholl_semilog_slope","Oblique_sholl_semilog_intercept","Oblique_sholl_radius_com","Oblique_sholl_r10","Oblique_sholl_r50","Oblique_sholl_r90","Oblique_sholl_width_r90_r10","Oblique_sholl_entropy","Oblique_convex_3D_volume","Oblique_alpha_3D_volume","Oblique_n_components","Oblique_convex_3D_volume_component_sum","Oblique_alpha_3D_volume_component_sum","Oblique_n_branches","Oblique_branch_len_mean","Oblique_branch_len_median","Oblique_branch_len_sd","Oblique_branch_len_min","Oblique_branch_len_max","Oblique_branch_tortuosity_mean","Oblique_branch_tortuosity_median","Oblique_branch_tortuosity_sd","Oblique_branch_tortuosity_max","Oblique_branch_contraction_mean","Oblique_branch_contraction_median","Oblique_branch_contraction_sd","Oblique_branch_contraction_min","Oblique_n_bifurcations","Oblique_bif_childpair_angle_min_mean","Oblique_bif_childpair_angle_min_median","Oblique_bif_childpair_angle_min_sd","Oblique_bif_childpair_angle_min_min","Oblique_bif_childpair_angle_min_max","Oblique_bif_parent_child_tilt_min_mean","Oblique_bif_parent_child_tilt_min_median","Oblique_bif_parent_child_tilt_min_sd","Oblique_bif_parent_child_tilt_min_min","Oblique_bif_parent_child_tilt_min_max","Oblique_bif_plane_torque_mean","Oblique_bif_plane_torque_median","Oblique_bif_plane_torque_sd","Oblique_bif_plane_torque_min","Oblique_bif_plane_torque_max","Oblique_n_terminals","Oblique_max_branch_order","Oblique_extent_width","Oblique_extent_height","Oblique_extent_depth","Oblique_dendrite_total_length"
"1","20180102_sample_5.SWC",4135,42,80,-0.005416148,3.023613738,120.1690821,32.57142857,85,246,213.4285714,3.20073627,9771432.08,3601073.779,80,77.79664757,60.51735305,72.54853912,2.425403559,361.1712665,1.887394028,1.348287153,3.907389693,36.2586872,0.707768904,0.741681895,0.144969573,0.027579598,37,76.21991979,86.00781633,43.79671797,2.042231909,157.5314141,54.64749462,50.0757035,29.53316502,11.23046876,133.2739687,64.75258391,58.06179131,45.9468915,15.93438179,162.7959401,43,6,435.363717,10,295.7483695,682.1347695,158.2127941,5746.980739,2510,31,80,-0.01031897,3.358746739,86.69322709,30.73333333,80.19230769,132.9,102.1666667,2.740809628,2541951.448,1726944.546,56,68.24410148,47.70313475,56.16844371,2.425403559,249.4634284,1.499064307,1.391596893,0.391193838,3.487703409,0.697327924,0.718598917,0.125915961,0.286721628,26,80.63470823,86.02830806,44.26143542,2.042231909,157.5314141,51.981801,39.02622505,31.99870695,11.23046876,133.2739687,72.20180479,64.70348061,52.57066211,15.93438179,162.7959401,31,7,283.175726,236.3006054,158.2127941,3821.669683,295,3,440,0.001034308,0.733317205,433,375,433.3333333,473.3333333,98.33333333,2.528422553,93145.26762,50987.07153,5,85.23381866,87.38058437,65.24429478,1.100681607,182.5291939,1.276107645,1.247366483,0.227104082,1.621642324,0.80311434,0.80168901,0.138943286,0.616658794,2,59.01524259,59.01524259,47.10238171,25.70882907,92.32165611,77.53280268,77.53280268,1.261490515,76.64079419,78.42481118,NA,NA,NA,NA,NA,3,2,103.9691864,123.0643081,48.2455667,426.1690933,950,15,50,-0.006496661,2.350528711,87.57894737,35,72.5,157.5,122.5,2.717633683,1921646.711,986581.749,7,154272.5041,54793.61205,11,136.285633,103.4460455,86.48541486,30.59803571,312.6067663,1.449840149,1.387878691,0.214901843,1.933862377,0.701690742,0.720524068,0.089465538,0.517099878,2,51.83653278,51.83653278,52.23076017,14.90380808,88.76925749,66.09688586,66.09688586,22.65737337,50.0757035,82.11806821,NA,NA,NA,NA,NA,9,1,285.805999,228.4902557,112.2731807,1499.141963
"2","20180220_sample_2.SWC",1995,29,40,-0.010767217,3.15757321,76.75,26.66666667,62.22222222,123.3333333,96.66666667,2.732710284,2477373.288,1591220.304,50,60.68386987,48.40450598,47.7788553,5.037500544,222.0752195,1.798322277,1.319504566,3.010742759,22.57095769,0.737621653,0.757860347,0.158566206,0.044304722,23,89.50968894,85.21804803,39.91164369,8.905677274,158.1408867,49.24981748,39.00519558,29.10477301,16.16611861,152.6370065,98.40443429,98.3060278,40.52713074,32.2890836,159.5148829,27,4,363.7350401,8,92.8762989,384.6132264,232.6461412,2622.474594,950,10,50,-0.007040873,2.456535352,67.57894737,19.16666667,62.5,105,85.83333333,2.509317488,1171122.057,579525.4827,18,73.59952845,73.05663861,48.20438561,5.037500544,155.6102732,1.293770232,1.264128537,0.15099568,1.541248683,0.782914139,0.791104069,0.09123316,0.648824561,8,77.64839885,81.64024844,31.25439282,35.03112195,123.0278014,48.43016011,46.85594935,19.82522561,26.1434336,82.0835467,101.2886523,108.4198586,43.15840237,43.24646991,145.0684223,11,4,92.8762989,234.1429955,232.6461412,1324.791512,NA,NA,NA,NA,NA,NA,NA,NA,NA,NA,NA,0,0,0,NA,NA,NA,NA,NA,NA,NA,NA,NA,NA,NA,NA,NA,0,NA,NA,NA,NA,NA,NA,NA,NA,NA,NA,NA,NA,NA,NA,NA,0,NA,0,0,0,0,760,20,40,-0.014195756,2.870162174,67.5,33.3,55.45454545,101.3333333,68.03333333,2.184176898,547160.0332,484066.8187,7,121372.951,94686.08698,23,56.42100354,48.82515187,37.0521011,6.609816816,151.1270532,1.473256599,1.351774081,0.362316548,2.396840889,0.71211961,0.739768586,0.146563386,0.417215846,8,96.24434483,94.91180379,50.81373038,8.905677274,155.8431653,54.83675871,38.94863179,44.07408684,16.16611861,152.6370065,112.7196729,98.20897497,41.48880428,80.43516069,159.5148829,15,3,83.68710213,165.9476214,157.4018346,1297.683081
"3","20180225_sample_1.SWC",3775,48,40,-0.009311963,3.645734933,93.04232804,25.81818182,65,194.3333333,168.5151515,2.968766897,5900181.995,4011232.727,105,63.95328203,50.74149007,44.64179526,3.533632797,206.5751651,3.066405934,1.589103134,13.8419532,143.3141819,0.624573226,0.629285777,0.149977128,0.006977677,49,89.12442679,89.82818467,44.65055809,16.77711616,169.3524703,57.46793188,62.66949336,28.10513924,2.374248009,138.5262739,71.31954299,61.50527231,36.52092719,19.50675334,121.3518138,56,7,116.7727043,11,148.8463961,340.8696743,300.4735481,6553.894512,1650,24,40,-0.017368276,3.531878735,54.90909091,16.78571429,47.29166667,88.125,71.33928571,2.346918823,1354027.584,1075637.261,47,58.79385693,47.96431964,38.0775544,3.533632797,158.9114392,1.611771995,1.471094872,0.3614096,3.108518615,0.644718379,0.679765812,0.115549173,0.321696642,21,87.23085852,91.0744436,35.89742019,17.4676489,149.2416283,50.30899578,59.96251859,22.42941684,2.374248009,80.62504467,65.6945655,49.37705876,38.87075305,20.99627433,112.7456853,27,5,101.6800003,230.4707729,209.3566341,2763.311276,1045,12,200,-0.005008344,2.603319927,183.8095238,123,181.3636364,225,102,2.728195576,1686294.922,1076707.543,27,75.54094739,67.78695903,48.41679361,0.428670178,206.5751651,1.959180929,1.604004049,1.45625298,8.922880061,0.604887571,0.623439823,0.165184404,0.112071438,13,115.0611417,126.36497,41.70308853,50.09770754,166.1563035,60.26749776,64.18082549,31.87497728,7.283995493,125.386993,77.06282981,90.32992225,52.20264259,19.50675334,121.3518138,14,6,125.5608088,151.5457413,273.5230605,2039.60558,970,23,40,-0.007995332,2.727342711,65.36082474,33.7826087,56.33333333,92.6,58.8173913,2.057111844,829278.0914,714381.687,4,348083.9419,290409.5537,26,67.34529449,44.02300031,52.33255956,10.00950824,176.1606118,1.741781517,1.673706822,0.364004517,2.829336102,0.596627723,0.597478989,0.116361053,0.353439805,11,76.59170501,85.8094376,54.69101838,16.77711616,169.3524703,69.82308664,70.26515871,33.32944365,21.73802496,138.5262739,98.2196846,98.2196846,NA,98.2196846,98.2196846,15,3,78.77419936,144.1544592,214.8866428,1750.977657
"4","20180225_sample_3.SWC",2495,24,20,-0.01032357,3.390401729,78.56573705,15.45833333,61.13636364,149.6666667,134.2083333,2.889714863,3824116.808,1858915.864,57,71.04955703,55.78425942,56.89055832,2.249666778,313.2194739,2.727098844,1.577021257,6.655990419,51.69644045,0.59827758,0.634106862,0.186527104,0.019343692,26,69.86101815,64.37238934,49.21891665,9.819338661,162.9800024,70.71921578,67.87774759,37.31158439,15.069784,166.1414675,127.3472802,134.7643821,36.22721637,59.9480759,163.8244487,31,5,382.3825654,5,303.3403027,387.1188965,110.8192902,3629.583586,1420,16,50,-0.011936655,3.100939859,65.91549296,17.2,59.33333333,106.3333333,89.13333333,2.568296984,1330329.18,955926.1881,39,61.78115166,48.50674365,42.82189547,2.249666778,198.4022188,1.833110643,1.488051437,0.955653242,6.004349961,0.62643525,0.67201978,0.179292926,0.166545922,18,73.49405428,67.46563496,51.80836212,9.819338661,162.9800024,72.26054484,66.89865769,38.94649731,16.29673081,166.1414675,119.6363399,124.6043389,40.47409889,59.9480759,163.8244487,22,5,249.377383,156.5020926,102.8764954,2409.464915,155,3,280,-0.001460995,1.391112506,239.4117647,198.5,232.5,274.3333333,75.83333333,2.150060224,31595.85588,26866.57978,3,83.46184423,75.59883762,87.5595463,0.098994949,174.6877001,1.330727483,1.296276804,0.349229586,1.695905646,0.787031873,0.771440172,0.205616121,0.589655446,1,29.9098924,29.9098924,NA,29.9098924,29.9098924,15.069784,15.069784,NA,15.069784,15.069784,NA,NA,NA,NA,NA,2,1,65.48282506,86.6164571,44.53923249,250.3855327,590,10,30,-0.011687137,2.508373416,65.25423729,20.9,53,110.5,89.6,2.498422104,568172.9259,291666.6299,3,145953.2723,119174.9804,11,88.15755807,72.66649239,52.31213856,22.19714891,188.3549912,1.84315473,1.61990856,0.561496962,3.176628153,0.58074095,0.617318795,0.143920351,0.3147992,4,75.98065726,63.8262425,57.66639392,20.42600478,155.8441392,91.01083721,83.66028041,22.67446557,73.26370444,123.4590836,NA,NA,NA,NA,NA,7,2,254.4430564,118.4338849,87.22383209,969.7331388
"5","20180228_sample_3.SWC",2425,20,60,-0.007713451,3.150916567,105.5967078,24.2,83,197.8333333,173.6333333,3.20072873,6705302.853,2030245.112,60,62.02599273,54.61192356,47.88458898,5.574946635,252.8729231,2.272227227,1.333323921,6.347859744,50.52160031,0.712643994,0.750008358,0.167272703,0.019793514,27,87.38764799,86.1292821,54.51272949,7.544843412,168.7007113,57.8654419,65.71544936,26.22842976,6.798904323,88.91482924,76.47672963,60.13458488,49.37422323,17.55125537,168.5445277,33,5,28.08464529,10,497.3176149,302.9260004,211.115947,3644.209234,1010,13,50,-0.006888647,2.558555315,61.38613861,18.5,53.46153846,99.8,81.3,2.454720824,636925.1867,507449.1598,26,60.24113729,60.88925302,34.41850486,9.345129456,140.3700166,1.560508267,1.338534379,0.530681145,3.634493115,0.688136265,0.747088419,0.154968259,0.275141531,11,93.1926604,93.97601328,61.97884447,7.544843412,166.8384044,62.50518205,65.71544936,29.21022039,12.58555608,99.4934029,73.83423199,73.13252751,38.93491635,17.55125537,138.1055297,16,5,212.2115253,151.9534471,91.26884095,1566.269569,1305,8,130,-0.004759048,2.356436877,146.4885496,53.5,134.375,239.5,186,3.278959495,3347709.173,975012.5828,31,63.68233452,53.97417507,58.53372572,1.118994949,252.8729231,1.352396736,1.274931761,0.27721497,2.362680447,0.764024569,0.784355705,0.128505154,0.423248096,15,82.05947754,71.14351426,51.95748612,11.43368629,168.7007113,55.83012609,69.52875908,26.45196389,6.798904323,83.28442938,69.44483402,50.53210109,35.62883155,47.26032443,110.5420765,16,8,497.3176149,167.9135676,165.969478,1974.15237,70,2,10,-0.005792359,0.963457253,31.42857143,3.5,25,53,49.5,1.747868097,3050.593006,2400.382708,1,3050.593006,2400.382708,1,103.7872941,103.7872941,NA,103.7872941,103.7872941,1.756554566,1.756554566,NA,1.756554566,0.569296291,0.569296291,NA,0.569296291,0,NA,NA,NA,NA,NA,NA,NA,NA,NA,NA,NA,NA,NA,NA,NA,1,0,56.54343677,27.67858358,21.79307306,103.7872941
"6","20180306_sample_2.SWC",4260,33,70,-0.006708468,3.495802673,115.3161593,32.23809524,90.19230769,229.2222222,196.984127,3.205878401,7445106.913,4364426.848,97,67.07069242,55.12436823,51.27583675,2.793460371,220.2389604,1.960594779,1.317883078,5.322712821,53.56464119,0.732920547,0.758792655,0.144722126,0.018669032,45,89.05155725,88.51117928,44.76783015,10.33481014,173.5578558,53.43123501,53.51105764,29.62221144,5.296966233,123.2065703,93.09295913,93.14998548,38.50721112,25.26881928,170.3749995,52,6,151.8458277,10,128.3946088,439.3503015,353.8872274,6306.722526,2310,24,70,-0.010075582,3.341621843,76.36363636,23.15384615,70.65217391,119.2666667,96.11282051,2.632747143,3088091.542,2021749.004,50,65.49796609,54.80038732,48.79548892,3.022435354,178.1914357,1.340157661,1.3014875,0.20627737,1.945826767,0.762359467,0.768399101,0.109639887,0.513920364,23,85.41063618,88.44011281,40.18305747,17.72872319,166.760454,53.36383334,53.51105764,28.16337519,6.389898887,106.8787001,81.62731254,76.57449625,35.62344233,25.26881928,151.9037185,28,6,111.1692519,286.6489289,271.937381,3274.898304,1160,13,190,-0.002336775,2.251885562,215.982906,138.5,210.625,275.75,137.25,2.930159329,1672018.433,893885.4202,26,75.85307317,69.01014288,59.98293998,2.026867023,220.2389604,1.438443011,1.387335288,0.264419045,2.032540271,0.717237242,0.720806478,0.127050585,0.491995172,12,80.03366747,75.71484594,50.84833935,10.33481014,163.9667669,56.79065849,56.84342792,35.35132048,6.121306315,123.2065703,98.623527,96.54403817,47.5503386,40.38219311,170.3749995,14,5,86.35670814,200.6140991,353.8872274,1972.179902,660,8,70,-0.002565774,1.936259336,85.60606061,42.28571429,78.57142857,123.5,81.21428571,2.443852342,756960.0905,307519.1491,4,134945.6608,96878.29366,16,66.22776992,59.73170302,50.97822975,2.793460371,152.2076539,1.677163193,1.315003335,1.255978235,6.352198019,0.703942703,0.76048058,0.162749254,0.157425823,6,115.8330755,97.47075093,42.92039685,68.98871146,173.5578558,58.53427899,51.28691235,23.36914116,36.84979454,98.88266005,112.3827575,108.2329553,36.37460114,78.26102946,150.6542878,10,4,85.56157008,147.40523,243.8953138,1059.644319
"7","20180306_sample_3.SWC",3280,33,80,-0.006650425,3.4077963,92.52279635,20.5625,84.2,159.1,138.5375,2.917345368,3800573.848,2284190.044,95,59.54113845,51.29719506,36.75840682,5.646495038,155.5180023,1.661853969,1.469437207,1.087326072,11.50715228,0.667491719,0.680532652,0.148408451,0.086902474,42,69.4511758,78.8117901,45.03980269,3.744314883,159.5707834,75.92622931,86.83392613,30.36972027,16.83129079,151.6678892,85.7437656,80.68934712,56.13167797,14.8686076,168.1578068,53,11,81.13357715,12,97.06725927,332.6452668,249.5116656,5530.955155,2250,29,80,-0.007565153,3.208128546,76.31111111,17.66666667,73.27586207,122.5,104.8333333,2.648892642,2060850.365,1424565.034,65,58.34607339,51.29719506,39.53699977,5.646495038,155.5180023,1.575718129,1.474153737,0.391339376,2.835091859,0.667455486,0.6783553,0.139233937,0.352722257,28,68.07237446,76.98044681,41.33516482,3.744314883,159.5707834,77.46881047,88.61260905,33.72440913,16.83129079,151.6678892,85.7437656,80.68934712,56.13167797,14.8686076,168.1578068,38,12,97.06725927,259.5030931,249.5116656,3792.49477,730,12,170,0.005215297,0.943216093,151.6216216,94.66666667,154.4444444,187.2,92.53333333,2.550854359,545780.8793,411931.8288,21,64.8429363,61.36507037,34.80710687,2.146642254,119.8055132,1.489864718,1.364978531,0.318592668,2.356894275,0.697112306,0.732612255,0.130347193,0.424287169,10,67.25020047,69.25027938,59.01923448,4.139392122,158.4916844,77.31095676,88.87476093,20.0405369,40.23635831,94.49711493,NA,NA,NA,NA,NA,11,5,60.4364425,139.1160391,220.0885783,1361.701662,200,3,90,0.004629194,0.681574196,90,50,86.66666667,120,70,2.250260279,38358.33424,33218.50706,1,38358.33424,33218.50706,7,53.82267468,46.2059222,26.60118237,29.02070616,91.7683753,1.600597957,1.547747304,0.455934401,2.533472696,0.662190738,0.646100302,0.160646603,0.394715128,3,80.65386743,87.14996321,47.3434569,30.39780463,124.4138345,67.73438082,57.9326084,32.79793856,40.95485168,104.3156824,NA,NA,NA,NA,NA,4,2,26.58814893,94.63466009,75.68283664,376.7587228
"8","20180315_sample_5.SWC",2890,26,100,-0.008588677,3.453590872,88.68965517,22,81.30434783,150,128,2.915672805,5891789.159,2921974.577,55,79.36355465,72.22571118,52.12874322,5.298531628,176.256703,2.020309876,1.340326466,4.320399137,33.33297215,0.722152602,0.746086886,0.179354009,0.030000325,23,67.66844006,71.51821209,38.25993354,2.472639219,153.4319382,60.29573596,64.44076993,31.64214025,1.322172038,110.4913886,81.15239712,62.53853586,52.51991948,3.825996233,180,32,9,157.717199,12,133.2651064,373.4841697,323.3352236,4154.944479,1810,17,100,-0.00946632,3.124564557,77.3480663,20.09090909,70.38461538,124.1428571,104.0519481,2.724452319,2026128.517,1325557.752,27,96.41518178,102.1407361,46.20475746,15.64781481,171.5071202,1.446189006,1.340326466,0.43721843,3.362440046,0.727399379,0.746086886,0.133213801,0.297403072,10,67.96610658,77.49746449,37.38266336,2.472639219,125.495275,62.30119509,71.51893023,30.15696253,15.59591949,110.4913886,118.3524499,107.8613116,32.17937873,94.54720885,163.1399678,18,4,129.6575293,188.4657379,323.3352236,2603.209908,370,4,140,0.00154521,1.102037866,162.6315789,109,160,204,95,2.533487976,194571.7088,130144.9827,9,67.76034236,56.09784792,59.56824012,0.42373258,176.256703,1.293783838,1.282033395,0.209823037,1.621040208,0.790365143,0.780010883,0.12213963,0.616887845,4,54.521686,68.93481878,31.97586882,6.768883664,73.44822279,79.20030434,76.89292824,18.48918385,60.67115904,102.3442018,164.2326868,164.2326868,NA,164.2326868,164.2326868,5,4,58.97648649,120.8896692,131.3102942,609.8430812,580,8,90,0.001311799,1.332130159,86.72413793,32.66666667,82.5,137.3333333,104.6666667,2.63232133,1144223.276,449099.0859,7,60914.70879,30222.57977,11,85.62649905,76.38513088,54.44209872,9.018431824,160.781814,1.533004386,1.492432089,0.494743898,2.648238208,0.709853176,0.670047238,0.205303559,0.377609536,2,24.54459715,24.54459715,3.549770277,22.03453052,27.05466379,44.73103736,44.73103736,61.38940607,1.322172038,88.13990269,NA,NA,NA,NA,NA,9,2,106.9056797,165.1257749,198.2215901,941.8914895
"9","20180327_sample_6.SWC",4775,31,90,-0.004705492,3.39881191,119.9582463,24.95833333,90.86206897,244.7333333,219.775,3.237387085,9187717.233,5815034.019,109,65.21551443,59.98050338,41.973997,2.928538363,189.5527991,1.577709963,1.292199011,2.624227502,28.63851435,0.763211353,0.773874606,0.128779488,0.034918012,49,83.96453301,86.3472893,39.26052783,4.243297339,164.2868967,43.01579094,39.06583454,29.78335927,0,115.2982543,81.21078566,80.59837312,43.61610232,14.09040312,158.0495138,60,10,154.5924024,14,331.5701363,414.776027,141.3099082,6892.750915,2330,22,40,-0.009977588,3.422438619,71.7167382,19.5,65.52631579,117.25,97.75,2.637798154,2821548.622,2390734.227,45,75.75714138,59.98050338,48.01764907,12.54811977,189.5527991,1.374938672,1.306862885,0.236430183,2.239680853,0.74494706,0.765191216,0.107632043,0.446492186,18,81.5666143,85.75206429,40.91720434,4.243297339,148.1997116,42.55085568,45.41261792,27.30914691,4.666604314,85.65690567,90.01646632,87.0583231,45.65132073,17.20084716,164.537223,28,6,322.8706793,188.3481489,108.9263829,3409.071362,1465,18,240,0.006123198,0.737829011,227.5,159.5,229.2857143,273.1428571,113.6428571,2.765078487,1674225.971,1201400.839,41,55.13471648,57.6594881,34.73297788,0.07,130.5100951,1.28912453,1.279435673,0.170867401,1.850286969,0.788281305,0.78159459,0.098929525,0.540456706,20,84.87780104,87.01424708,39.86534637,5.178204615,164.2868967,50.94353159,50.47918884,24.75586952,8.179959139,90,55.04267203,48.98616772,38.98384325,14.09040312,118.0997385,21,7,310.9729228,171.2605554,111.7458255,2260.523376,780,9,50,-0.004738766,2.0642268,81.15384615,39.6,74.44444444,116.4,76.8,2.472727045,951388.5851,612853.3441,6,140303.4176,96654.3071,16,76.44726105,73.22543332,35.18793671,13.91889098,152.0150742,1.317874586,1.300743791,0.191626598,1.761879627,0.773596043,0.769000129,0.110299304,0.567575665,5,86.21770374,72.49499127,42.67703257,54.10575712,159.5308114,49.21502756,26.29424837,48.897879,1.077281197,115.2982543,59.19774758,59.19774758,NA,59.19774758,59.19774758,11,2,241.3589324,145.4698168,85.01592818,1223.156177
"10","20180410_sample_4.SWC",4145,33,30,-0.009804597,3.87606115,97.22891566,23.78787879,81.55172414,180.7142857,156.9264069,3.080819954,6547056.437,4476657.109,98,68.00838982,62.77985301,40.5718441,5.455682058,169.7061638,2.508620505,1.422048458,9.627307084,96.70515881,0.69180097,0.703210958,0.176091524,0.01034071,43,82.09142675,76.80051449,47.55055085,3.798288078,164.3171519,46.50948911,45.19291092,26.03482866,3.250463005,116.2177874,88.25752943,85.52765219,47.3538021,11.88636442,169.7290859,55,9,0,8,445.7980517,264.4543777,134.7698125,6605.650023,1690,26,30,-0.012575584,3.380983398,54.02366864,14.21428571,46.57894737,87.92857143,73.71428571,2.349715915,1442148.42,974425.5285,40,60.87529088,56.68408595,37.87347853,5.455682058,147.3771106,1.493560791,1.418399098,0.392512967,3.064281523,0.704480592,0.705025776,0.144675179,0.326340773,17,82.73123905,76.80051449,37.65881845,14.1963184,147.7625933,45.24842071,40.40726355,25.8794815,5.896158432,90.49131002,82.80031509,76.9305036,47.8670497,18.88674463,169.7290859,24,4,214.6561027,166.5793726,104.3270299,2435.011635,2435,19,100,-0.00359224,2.536457547,127.8688525,50.4,117.2222222,205.1428571,154.7428571,3.119209694,4364199.834,2959621.363,57,73.16909452,66.84470318,42.27803776,9.312836985,169.7061638,1.568372263,1.421705019,0.595323599,4.863625443,0.694858434,0.70338079,0.175262078,0.205607938,26,81.67308794,82.09931233,53.76311382,3.798288078,164.3171519,47.33403384,47.56967573,26.61386407,3.250463005,116.2177874,88.56890467,93.23888443,49.31770567,11.88636442,164.1682845,31,7,445.7980517,170.5126117,133.706325,4170.638388,NA,NA,NA,NA,NA,NA,NA,NA,NA,NA,NA,0,0,0,0,0,0,NA,NA,NA,NA,NA,NA,NA,NA,NA,NA,NA,NA,NA,0,NA,NA,NA,NA,NA,NA,NA,NA,NA,NA,NA,NA,NA,NA,NA,0,NA,0,0,0,0
"11","20180410_sample_5.SWC",2935,20,70,-0.007309414,3.305062853,111.3945578,23.6,91.76470588,211.2,187.6,3.239920164,4491568.502,2159635.313,64,66.66931498,61.97971997,40.92739214,4.767258926,166.134462,4.924770049,1.274548787,28.68548448,230.814916,0.755209522,0.784591453,0.149801378,0.004332476,29,76.47664623,78.47699426,44.21217918,6.916158532,157.0685143,48.77536685,47.8187696,22.25169001,10.35759119,98.96383512,75.01409692,63.34357355,41.3705188,3.968505293,154.4016135,35,7,0,11,429.1948065,298.8869052,90.11273696,4194.690342,1130,14,50,-0.012774182,2.990162508,57.16814159,15.3,50.38461538,92.42857143,77.12857143,2.397606009,815396.1671,606084.85,26,62.06781125,56.24356854,40.67940034,4.767258926,150.602182,1.357094629,1.302281368,0.223671455,2.010184416,0.753508043,0.768007656,0.10672252,0.497466796,11,92.91520935,78.47699426,46.2210664,14.53541524,157.0685143,50.04281989,47.8187696,24.5749977,18.50428959,91.47199663,88.28941113,106.5761837,37.04862635,29.25006917,127.4728274,16,4,232.062919,189.0737854,72.46431281,1613.763092,1745,11,130,-0.001707638,1.978209033,149.7714286,63.57142857,138.5,241,177.4285714,3.2542446,2640064.749,1074153.453,37,69.75479054,64.10284178,41.90768357,7.352886128,166.134462,1.326646128,1.254793802,0.259654699,2.18172825,0.776699131,0.796943688,0.123381499,0.458352226,18,66.85414969,72.53552604,40.38571462,8.759561617,147.9533487,48.00081222,47.23500526,21.41478471,10.35759119,98.96383512,72.27889593,57.67482082,39.81426279,34.04553588,154.4016135,19,10,391.4471103,213.7099357,90.11273696,2580.92725,NA,NA,NA,NA,NA,NA,NA,NA,NA,NA,NA,0,0,0,0,0,0,NA,NA,NA,NA,NA,NA,NA,NA,NA,NA,NA,NA,NA,0,NA,NA,NA,NA,NA,NA,NA,NA,NA,NA,NA,NA,NA,NA,NA,0,NA,0,0,0,0
"12","20180410_sample_6.SWC",3765,21,110,-0.003304835,2.957356237,147.6657825,31.30769231,121.4705882,296.625,265.3173077,3.44492206,12899062.6,3882625.623,64,82.25202327,77.87090036,51.21715343,16.01048073,209.3021511,2.31993142,1.256589417,7.769416124,63.44758895,0.759519747,0.795804904,0.161812562,0.01576104,29,81.00216327,68.82804297,43.66254699,3.851675273,161.8253615,47.94150693,46.11025416,37.28818108,0.945532285,167.4058926,93.74688105,98.97706681,46.39401273,28.84878217,155.9806899,35,5,210.5103411,9,348.6323986,558.2592539,175.4614568,4973.823872,2060,15,110,-0.003745761,2.635373599,109.1262136,31.77777778,105.3333333,173.4285714,141.6507937,3.018917138,3060485.654,1545925.827,34,81.51729688,70.39431117,50.62347685,16.01048073,202.1405418,1.310013459,1.27258028,0.19712053,1.916031688,0.778472249,0.785926384,0.105361337,0.521912036,15,83.29367394,68.82804297,46.17083393,7.97384227,161.8253615,43.97113791,46.77763342,32.45235389,0.945532285,117.2209127,95.9554104,88.77804127,46.70321258,32.25958702,155.9806899,20,5,331.5390998,291.7070668,112.694575,2771.588094,985,9,310,0.005025578,0.414726377,278.5858586,203,281.875,328.875,125.875,2.808245035,1015440.39,524010.4661,17,79.74131259,76.02388955,45.15462572,0.147648231,168.375471,1.210125272,1.163154165,0.151873389,1.510270275,0.837803038,0.859731264,0.097568529,0.662133141,8,75.73747176,64.00441146,33.17204875,50.4416486,147.6691221,34.56986755,29.20635417,21.85880237,6.158719829,72.74417136,68.68363628,68.68363628,56.33499094,28.84878217,108.5184904,9,4,259.4517614,173.3272469,121.0691102,1355.602314,520,8,30,-0.005758905,1.904085645,80.57692308,24,75,129,105,2.62028821,1357937.155,445138.1721,5,307457.2857,148449.8879,9,94.07038493,112.0890689,78.12105311,0.219317122,209.3021511,1.773667208,1.673281257,0.652057354,3.198125881,0.626367735,0.597628161,0.206514919,0.312683127,2,133.7443325,133.7443325,33.16886647,110.2904021,157.1982629,44.54007859,44.54007859,57.45273177,3.914862365,85.16529482,89.43564323,89.43564323,NA,89.43564323,89.43564323,7,2,246.7694398,210.9244637,146.2005231,846.6334644
"13","20180411_sample_1.SWC",4345,42,90,-0.011193705,4.033692624,85.44827586,21,74.86111111,153.1818182,132.1818182,2.898801081,5591896.195,4423012.591,96,69.5270014,68.24354651,45.50280952,4.676291832,185.2388442,4.322810043,1.391497967,28.02528616,276.032808,0.706196879,0.718669713,0.15345702,0.003622758,42,81.14753134,73.41253155,47.06454207,2.15604547,176.8398561,48.35470284,48.3324544,27.71709158,2.737156305,97.63612701,89.97228401,92.67791703,40.3302805,13.02728588,162.8462854,54,12,0,13,367.2353777,225.4207909,157.1289836,6610.566802,2160,28,70,-0.011483162,3.435538247,63.37962963,19.63636364,59.61538462,95.16666667,75.53030303,2.384407525,1522678.074,1221119.104,43,75.44791579,79.64461217,46.41796722,4.676291832,182.4846644,1.501775133,1.408953846,0.401607977,3.218815323,0.70079891,0.709746457,0.143187168,0.310673307,17,88.84477498,84.85583376,50.03924069,2.15604547,164.1020464,51.46487753,45.03363377,31.10587324,5.210673812,97.63612701,89.85781625,107.1751473,47.1514301,13.02728588,155.3798762,27,5,187.1871751,206.3559665,110.8646121,3244.260379,2145,19,90,-0.004506286,2.729746754,108.9302326,30.5,101.4705882,176.875,146.375,3.038716179,3068778.787,2561658.413,52,64.73666198,63.98404971,45.04304805,5.232380452,185.2388442,1.430396642,1.360279058,0.288568057,2.334039207,0.724171625,0.735167396,0.13018754,0.428441818,25,75.91340567,71.72428776,45.21384185,17.01860898,176.8398561,46.23978405,48.84029215,25.60944812,2.737156305,88.06465172,85.38231875,85.51731129,36.39252925,37.20614499,162.8462854,27,12,275.3000365,193.6873883,157.1289836,3366.306423,NA,NA,NA,NA,NA,NA,NA,NA,NA,NA,NA,0,0,0,0,0,0,NA,NA,NA,NA,NA,NA,NA,NA,NA,NA,NA,NA,NA,0,NA,NA,NA,NA,NA,NA,NA,NA,NA,NA,NA,NA,NA,NA,NA,0,NA,0,0,0,0
"14","20180412_sample_4.SWC",2975,19,60,-0.004966552,3.051416191,116.0738255,31.38461538,100.6666667,200.1428571,168.7582418,3.131318477,5172291.11,3118842.774,70,65.17359421,58.0161296,40.75383618,4.500461368,192.6923845,2.214865419,1.309201375,6.850658261,58.53444887,0.749120507,0.763824884,0.15958497,0.017083957,32,76.51642108,71.18728018,37.31451441,14.89389138,152.599971,58.10797406,52.02656609,33.75306079,13.89967846,140.6651499,92.08762373,97.55892936,35.63144627,17.1982696,148.2426166,38,6,0,11,395.7287032,277.7179985,114.9435529,4506.56852,1380,15,70,-0.011533744,2.977429939,73.55072464,21.63636364,65.33333333,115.5,93.86363636,2.684320524,1767192.465,837433.8252,30,66.50531154,59.27554193,44.14461565,4.500461368,192.6923845,1.387350554,1.291938577,0.450579983,3.590158841,0.758698699,0.774041768,0.133303346,0.278539208,13,64.38252429,69.34806417,29.96347796,14.89389138,121.9827182,57.03480944,41.47412548,38.29654928,13.89967846,129.7008466,98.10944287,102.6391843,38.10138323,46.60226747,148.2426166,18,4,344.2418647,225.7714281,78.73448681,1995.159346,1575,14,200,0.003047999,1.349514085,154.556962,67,160,210.25,143.25,3.018994429,2595020.749,1588483.496,39,64.39510702,57.99165344,39.04043207,5.586687961,160.3979364,1.407323432,1.310205539,0.618048554,5.003192297,0.760522835,0.763239027,0.135551901,0.19987239,19,84.81856099,72.87930845,40.25353576,27.67472392,152.599971,58.84224458,58.70890556,31.35160679,18.60923203,140.6651499,85.20554471,97.55892936,34.13393261,17.1982696,118.9019845,20,10,265.9969521,277.7179985,114.9435529,2511.409174,NA,NA,NA,NA,NA,NA,NA,NA,NA,NA,NA,0,0,0,0,0,0,NA,NA,NA,NA,NA,NA,NA,NA,NA,NA,NA,NA,NA,0,NA,NA,NA,NA,NA,NA,NA,NA,NA,NA,NA,NA,NA,NA,NA,0,NA,0,0,0,0
"15","20180417_sample_3.SWC",3535,26,60,-0.00808914,3.510182302,110.5367232,21.26315789,82.77777778,207.8181818,186.5550239,3.170322298,5577501.25,3087880.28,89,61.54196428,50.82434625,42.13638377,5.963296516,173.8984087,3.08290507,1.292914976,15.80246558,150.4498455,0.735456285,0.773446064,0.159042213,0.006646733,39,78.58639821,75.22634892,38.89562776,4.246419141,156.9891851,56.54646804,59.45880573,32.44929962,1.363927531,150.7819059,91.03909521,84.89622602,42.87492325,10.68823468,149.2070191,50,10,109.0537274,10,152.5967114,297.8652646,389.0777697,5307.607512,1630,20,40,-0.017934483,3.594285872,56.13496933,13.70588235,48.68421053,89.72727273,76.02139037,2.430514426,1381071.668,983334.3314,38,65.91361827,50.66286385,47.71766116,5.963296516,158.3481152,1.445454709,1.285114038,0.391989632,2.765702141,0.730169075,0.778148158,0.151210458,0.361571836,15,76.49789819,71.22172242,44.16994168,4.246419141,156.9891851,55.26073342,59.31417256,41.98302486,1.363927531,150.7819059,113.8800409,130.5763512,40.78177728,32.6147306,149.2070191,24,6,117.318838,168.1740257,256.1156543,2504.717494,1415,21,170,-0.004466302,2.558968174,187.9577465,130.3333333,181.3333333,234.5,104.1666667,2.79615419,1572751.551,1016436.904,36,57.40805756,51.22515561,39.16097914,0.634375082,173.8984087,1.327922718,1.289267647,0.224602759,1.89131187,0.771809793,0.775634237,0.115691697,0.528733529,17,72.74573779,74.31968376,31.08301235,7.867789889,117.6637448,52.39257457,59.45880573,26.00982234,8.479068718,83.88228837,73.26782457,72.09322473,41.6141504,10.68823468,120.3889714,19,6,107.0782531,135.4474725,389.0777697,2066.690072,370,7,70,-0.002716762,1.745617166,77.56756757,46.75,70.83333333,101,54.25,2.055353967,289893.7411,173770.2336,3,97339.03491,85443.77516,11,66.92726782,67.58773659,38.84302255,16.77437464,130.3663697,1.575057304,1.477123102,0.574597266,3.05306499,0.690609611,0.676991646,0.175936792,0.327539703,4,105.785404,122.6261476,54.17525485,27.01558296,150.8737378,67.95106194,68.04739888,24.19294127,40.63060047,95.07884953,108.9629355,108.9629355,NA,108.9629355,108.9629355,7,3,104.4426402,71.98724945,204.644263,736.199946
"16","20180424_sample_2.SWC",3865,25,60,-0.006439716,3.434514842,122.5322997,29.83333333,103,232.0909091,202.2575758,3.287931046,6012188.025,3485210.916,87,69.9121954,49.36914058,55.28640319,1.723091474,222.1188189,1.672419952,1.352959237,2.364039691,23.30309084,0.723465731,0.739120568,0.156617583,0.042912762,42,81.00894325,78.49478066,40.57332191,13.11066293,167.5803385,55.98941068,53.80406878,30.33314909,3.81413102,146.8867399,102.8947388,103.9450087,35.49696503,25.57993117,164.5394537,45,5,0,12,586.4576582,267.7050909,118.2528957,5996.818293,1130,16,60,-0.008778066,2.739736869,59.38053097,19.125,52.1875,95.28571429,76.16071429,2.404377511,928781.4022,555724.0857,28,63.85461516,44.06584635,50.19125299,1.723091474,174.4507445,1.48129302,1.377218742,0.346572839,2.419404654,0.70915899,0.72612067,0.155413159,0.413324823,13,85.85520689,95.46828013,46.75656669,13.11066293,167.5803385,66.01318436,65.90109466,22.58279194,33.53562173,113.1675707,103.5023369,103.1709537,32.29131256,54.15166238,164.5394537,16,4,219.1048137,216.3682047,64.82116046,1787.929224,2715,15,130,-0.002881848,2.579126648,149.5955882,49.2,139.2857143,243.1111111,193.9111111,3.324114133,4165350.171,2446238.819,57,73.8401591,49.36914058,57.9745498,2.051487265,222.1188189,1.398219135,1.349929782,0.25937161,2.025902996,0.737971892,0.740779271,0.127602931,0.493607049,28,76.52159469,74.00799473,36.75061295,23.02728143,160.5259944,50.9984588,43.61566941,33.09945871,3.81413102,146.8867399,86.14120836,86.24349427,32.85673882,25.57993117,129.1466754,29,10,586.4576582,193.6301252,118.2528957,4208.889069,NA,NA,NA,NA,NA,NA,NA,NA,NA,NA,NA,0,0,0,0,0,0,NA,NA,NA,NA,NA,NA,NA,NA,NA,NA,NA,NA,NA,0,NA,NA,NA,NA,NA,NA,NA,NA,NA,NA,NA,NA,NA,NA,NA,0,NA,0,0,0,0
"17","20180424_sample_3.SWC",3635,32,60,-0.007898091,3.550385965,100.4945055,27.57894737,83.33333333,192,164.4210526,3.075265582,8494142.149,4648938.915,77,68.72743409,62.41788121,51.26340351,0.104403065,192.3316036,1.76713606,1.104837005,4.431203261,40.03924037,0.820523732,0.905110886,0.181942454,0.024975499,34,70.39877208,65.40982652,46.59930987,2.574955679,175.1858776,29.52578612,19.96363856,33.43142559,0.770058194,167.8177021,101.0146781,100.1177102,52.07753415,1.861344187,177.1641846,43,8,63.21705118,9,172.2030472,350.8378888,361.940418,5156.306654,1980,22,50,-0.005739969,3.042200242,68.58585859,21.05882353,60.55555556,109.4666667,88.40784314,2.543987684,2677273.622,2034407.452,36,77.45676464,69.0185536,59.13988207,5.060777168,192.3316036,1.329182123,1.208350471,0.347794105,2.577506213,0.792471355,0.828105993,0.163851551,0.387971907,15,72.83627163,63.7040347,45.58096616,2.574955679,157.005937,26.64836854,20.32079876,23.33009603,4.158529715,73.95073483,105.9711614,95.47641109,61.4330995,1.861344187,174.2313541,22,5,166.8262643,173.3388298,243.9356016,2788.443527,1095,9,170,0.0003911,1.625508983,169.8181818,93.33333333,168.8888889,227.1428571,133.8095238,2.958464981,1894166.336,1123861.477,21,79.53691665,74.84716443,46.41268977,0.21026025,172.2865962,1.282199073,1.099493521,0.390855323,2.43204016,0.827927911,0.909509679,0.169917875,0.411177421,10,62.00718008,39.6790526,51.90392494,15.88397409,139.3961985,38.17710346,25.83628467,46.35788594,12.64717906,167.8177021,100.9554858,117.5901128,50.43256433,47.39950063,157.5466554,11,5,160.9453989,173.2614006,325.9062422,1670.27525,490,8,60,-0.004785768,1.862458977,84.69387755,41.8,75,130.5,88.7,2.483487006,484956.6159,285456.5235,3,70010.57221,33538.50639,15,46.50585849,39.73414275,28.42746909,0.104403065,96.18528322,1.157244178,1.070398048,0.18190985,1.562073085,0.881894572,0.934231898,0.121799261,0.640174912,7,82.65375157,86.41487469,48.98890581,29.93035975,175.1858776,34.17452747,18.58935023,35.74079081,0.770058194,101.2345475,104.0216359,116.916605,36.77846929,51.77420671,130.4791269,10,3,94.3571855,129.6349486,205.1019172,697.5878773
"18","20180425_sample_2.SWC",3865,32,80,-0.004676758,3.119888603,121.4470284,33.5,89.51612903,250.375,216.875,3.181161714,6838968.644,3759251.128,96,61.40920286,51.08078136,40.58284109,2.076013661,222.1502996,2.021060056,1.329335365,5.871903335,58.84400026,0.727446664,0.75226159,0.154473167,0.016994086,44,76.23217837,76.26912179,41.45968567,10.8168434,159.5385799,54.57175106,49.14504785,34.22953174,4.081248917,147.9259819,93.05658656,92.19180231,40.26301716,38.82532711,166.8224992,52,4,150.6181927,9,276.0994191,417.2204047,127.7439384,5703.888471,1810,24,70,-0.007058905,2.943911292,69.44751381,25.08333333,65.20833333,101.9,76.81666667,2.444460563,1821376.209,1185708.775,46,55.43125779,54.32154397,32.5950298,3.044337457,116.6235494,1.457286659,1.323643139,0.438052348,3.726343521,0.725126005,0.755492274,0.145769774,0.268359585,21,61.89566065,55.12299284,38.15770412,10.8168434,132.960921,48.42424378,47.10233392,36.54547541,4.081248917,124.1634242,98.30898637,95.06168713,35.58470492,56.25412723,151.5911691,26,6,240.3857556,246.9659359,112.3944297,2549.837858,1145,13,230,0.003630381,0.999590791,230.3478261,155,230.5555556,279.5454545,124.5454545,2.826856184,1503545.663,1042870.362,25,76.70414599,85.01753337,52.18859999,0.107703296,222.1502996,1.377489872,1.273195469,0.348981584,2.522764168,0.7611382,0.785425353,0.150678163,0.396390599,12,82.75396979,86.69167647,43.45827153,19.81867177,140.3349841,54.18123724,39.11893675,35.73898034,8.362652816,147.9259819,91.5482694,91.5482694,NA,91.5482694,91.5482694,13,5,276.0994191,183.2827077,99.65445073,1917.60365,780,11,90,-0.002246697,1.967281417,93.07692308,46,89.09090909,127,81,2.474564698,871734.6637,404296.4352,3,183102.5988,142666.2927,21,58.87842678,42.67192069,42.6927147,6.639238394,147.533782,1.402671599,1.407256434,0.212606228,1.860309586,0.727423968,0.710602543,0.10170245,0.537544937,8,100.9754762,104.2509561,42.8760221,36.42355897,159.5385799,68.93420076,78.45145146,18.59548967,38.04530871,84.98896874,53.46248562,53.46248562,10.16342447,46.27585926,60.64911198,13,4,222.8955909,144.5118044,101.3428045,1236.446962
"19","20180426_sample_3.SWC",4225,49,80,-0.010844901,3.923142157,76.69811321,24.38461538,66.81818182,131,106.6153846,2.698986617,3680086.05,2535252.808,112,57.32967175,47.62729671,36.45113722,1.109774549,151.3414836,2.072634283,1.326532323,6.894820402,74.20105373,0.733999957,0.753845267,0.147416472,0.013476898,49,76.58172859,76.11160964,39.09660664,5.141497321,173.9257226,66.55074737,60.46121774,33.23229605,6.296818719,149.3899166,85.9011579,76.34470672,40.73728072,36.67629353,151.608368,63,10,121.4426704,10,231.2472709,301.7653687,128.2201934,6260.874619,2780,38,50,-0.00435562,3.301246813,63.20143885,22.52173913,58.48484848,93.42857143,70.9068323,2.345613008,1769200.605,1431391.859,70,58.80970109,49.00472481,36.53436346,1.109774549,148.901543,1.457968473,1.336821065,0.59104189,5.796947964,0.7309515,0.748045138,0.1367196,0.172504567,30,73.95590777,70.517558,42.04736716,5.141497321,173.9257226,75.04298593,66.9916765,34.85321028,11.60151153,149.3899166,85.3124232,63.30723585,48.07746004,36.67629353,151.939223,41,6,228.5802099,187.4874448,85.66531245,4116.679076,715,10,170,0.003449394,1.310036346,141.0958904,85.75,140.8333333,181.4,95.65,2.568128549,375046.0211,272111.6422,21,52.37304575,46.82344629,35.19774997,0.354393202,151.3414836,1.275480645,1.276445183,0.134110454,1.484939608,0.792306362,0.783425731,0.083025677,0.67342806,10,76.78194596,79.39031252,30.00202073,9.908678271,124.5571426,55.22073869,62.86888094,31.91009948,6.296818719,94.87970005,87.30814123,87.30814123,58.28316059,46.09572315,128.5205593,11,5,195.825732,130.881631,77.01344825,1099.833961,630,11,60,-0.000715759,1.632014586,69.52380952,32.16666667,63.88888889,97.83333333,65.66666667,2.322041574,374215.7413,294525.1655,4,107824.1459,82596.97124,15,69.62410547,70.97145362,39.32069277,6.862086896,133.364937,1.446612985,1.411159077,0.277868315,2.043911648,0.714137789,0.70863733,0.129792101,0.489257939,6,84.38048794,88.89103051,50.52093241,22.91346919,158.7490392,52.67057743,58.22266255,17.37064644,28.47152989,70.92989466,121.5448577,121.5448577,33.67270901,97.73465686,145.3550586,11,2,193.6442905,113.7165934,54.3315244,1044.361582
"20","20180426_sample_7.SWC",1975,16,60,-0.0049229,2.475468069,115.7575758,18.90909091,73.33333333,292,273.0909091,3.280035525,4905212.453,1103743.452,31,93.63830366,58.73054484,94.55296626,3.712561852,457.6664405,7.785183578,1.349701394,35.67599736,200.0100704,0.717755032,0.740904621,0.171095347,0.004999748,12,86.31854258,85.9530144,44.19462623,5.363228498,143.9577194,40.93427547,34.34364264,28.31550041,8.752433099,98.92470345,79.1038005,67.9995081,48.77129215,33.07540354,143.4240978,19,6,498.1894202,6,288.3507656,547.4207292,91.29473565,2363.364861,890,10,60,-0.013030308,2.798502354,59.88764045,12.11111111,52.5,100.3333333,88.22222222,2.5477946,642254.0519,343265.839,14,92.11988079,114.7790781,62.95253695,16.87556122,227.621873,1.434514228,1.363176977,0.215888268,1.809170012,0.711883932,0.733652158,0.107034746,0.55273965,5,73.98097976,79.38607726,49.65144722,5.363228498,143.9577194,48.7425725,59.01046738,23.94820389,22.34591834,72.55378339,76.6090694,84.45810083,19.34608844,54.57197057,90.79713681,10,2,264.0475979,176.2910847,83.29670539,1289.678331,105,2,400,-0.00144809,1.53303919,419.0909091,390.5,412.5,439.5,49,1.893788232,12587.93324,11236.44204,5,33.22448304,25.02276797,24.22374242,1.110164084,58.73054484,1.212526591,1.152166699,0.225551176,1.58979143,0.844825012,0.867929962,0.136036175,0.629013329,2,124.3742379,124.3742379,19.79075192,110.380063,138.3684128,26.0294989,26.0294989,20.15362202,11.7787361,40.2802617,NA,NA,NA,NA,NA,3,2,52.10451262,65.52889291,21.38835243,166.1224152,560,6,100,-0.00350412,1.742044013,89.10714286,33.2,80,147,113.8,2.726098211,587942.7482,196763.0458,3,164177.9424,120273.5684,7,129.6520164,137.9839268,84.53458545,29.43160067,263.0661516,1.525433794,1.474160617,0.321348289,2.167539915,0.677393649,0.678352134,0.12351638,0.461352519,3,56.87778365,46.76564613,30.55952336,32.65599432,91.21171049,46.75304722,28.40702359,45.8401119,12.92741461,98.92470345,NA,NA,NA,NA,NA,6,2,288.3507656,88.2256264,88.52416868,907.5641146
"21","20180501_sample_2.SWC",2675,16,200,-0.004155073,2.824309652,130.3731343,27.09090909,131.8181818,218.5,191.4090909,3.246169185,4971603.84,2385327.113,54,76.76751694,72.63593756,57.19992689,2.37679138,261.6164365,1.908437004,1.401830883,2.710287822,20.96309246,0.679598142,0.7133641,0.164957972,0.047702886,23,73.82941098,72.16496144,44.54183932,6.475350276,170.5447392,58.78920719,62.08058055,33.6535995,7.638032132,131.9564139,114.7200827,106.5450788,37.70954183,36.22825637,171.8658722,31,6,120.6454961,10,111.7516118,404.9609752,303.1709146,3986.676397,1040,13,40,-0.011214988,2.800425114,63.17307692,15.5,52.72727273,108.6666667,93.16666667,2.573993749,832544.5761,527985.2056,18,85.26675427,89.15428872,46.29424386,8.86423709,194.6628584,1.502339547,1.351136482,0.363461595,2.617722263,0.695035116,0.740189764,0.133086629,0.382011497,7,70.86629566,72.16496144,53.3778119,6.475350276,170.5447392,47.42177149,29.03597829,38.24477892,7.638032132,112.0766022,103.5254968,115.0229766,43.33729031,43.76357211,140.2924619,12,4,87.84139228,163.0292427,214.4157269,1534.801577,1485,16,200,-0.002139921,2.302869215,186.5100671,123.8,184.6428571,234.2,110.4,2.817586562,1619714.774,1291585.037,31,75.79548651,51.69435917,65.72354118,0.164012195,261.6164365,1.56400273,1.396254197,0.75194665,5.377694228,0.699576133,0.716201965,0.1534861,0.185953302,14,74.10539094,67.57057596,44.82877294,8.334559112,162.3600936,64.94181213,66.58303988,31.80528944,19.76626287,131.9564139,114.2442529,102.7137199,27.37773575,95.13129345,166.419794,17,7,111.7516118,180.573917,303.1709146,2349.660082,50,1,20,6.61e-19,0.693147181,40,15,35,55,40,1.609437912,5287.348775,5187.729757,2,2254.75951,2188.438484,2,51.10736909,51.10736909,46.08856195,18.5178344,83.69690378,1.72251625,1.72251625,0.105539183,1.797143722,0.581637798,0.581637798,0.035637155,0.556438524,0,NA,NA,NA,NA,NA,NA,NA,NA,NA,NA,NA,NA,NA,NA,NA,2,0,32.90171972,34.20347821,43.31412076,102.2147382
"22","20180502_sample_3.SWC",3660,30,50,-0.004929187,2.827904027,120.4076087,25.4,78.57142857,356,330.6,3.183447239,7206118.803,1826742.196,70,78.15239067,64.7956882,57.07182579,7.479492628,364.9929892,1.535105901,1.352112402,1.293983762,12.0540698,0.730443008,0.739585372,0.133271822,0.082959533,30,81.61777692,78.99665808,41.69046892,10.93764058,147.2280124,54.4794142,50.69722098,28.20980188,11.10574134,138.5613448,93.68164594,94.82629459,31.57117737,38.73937908,157.3424306,40,7,437.4352796,7,121.0131803,551.7760468,315.2099934,4985.333556,2350,24,90,-0.013221449,3.586661901,75.4893617,21,69.28571429,118.8461538,97.84615385,2.694526491,1718549.081,1227238.214,43,78.95156716,68.12736029,50.23330217,11.64420512,196.9527099,1.392017511,1.356189711,0.202385582,2.144146223,0.731845192,0.737359967,0.09708965,0.466386102,18,79.12852554,66.53249468,42.03488876,10.93764058,147.2280124,60.85757572,57.64519689,30.62144483,16.35966345,138.5613448,99.34579249,104.4516458,36.78387043,38.73937908,157.3424306,26,5,117.6431105,145.6560324,305.887517,3394.917388,380,5,420,0.006888351,-1.249913084,408.25,360,407.5,440,80,2.352949446,123318.0137,93055.96587,9,67.62537585,63.79966104,39.58723493,1.215350927,127.0383586,1.337430642,1.312511128,0.306962004,1.989822226,0.778348825,0.761898302,0.15362863,0.502557458,4,101.7215115,102.6296815,28.26218261,67.65865639,133.9680265,40.58048668,41.12450492,15.30640254,22.82607434,57.24686254,NA,NA,NA,NA,NA,5,3,53.96841635,105.7538644,97.14445791,608.6283827,570,10,50,-0.010342513,2.512324752,74.9122807,32.83333333,64.16666667,115.75,82.91666667,2.421351399,619543.09,214141.7744,3,215642.6152,61498.12473,13,75.52213734,65.14179601,34.49211355,23.13176959,121.9348761,1.38336871,1.348973834,0.248389303,1.895249104,0.743145874,0.741304223,0.124430811,0.527635126,6,66.70248622,43.78851369,51.536959,12.34166846,132.9632471,50.79861794,54.37550638,27.75858873,11.10574134,77.30804464,166.4250059,166.4250059,NA,166.4250059,166.4250059,9,3,97.12687336,121.3069974,278.3134037,981.7877855
"23","20180508_sample_3.SWC",3240,27,80,-0.006861632,3.33426391,101.0153846,31.47058824,89.77272727,174.375,142.9044118,3.018822283,4945334.297,3577840.587,95,54.63951852,47.47399158,41.26029245,1.283316017,188.5369893,7.948385056,1.336594978,63.78538819,623.098098,0.735356335,0.748169802,0.153624831,0.001604884,42,86.49127293,85.39137972,44.68340407,3.373530646,171.0262131,47.06587996,46.33925543,25.33051873,4.594253331,95.70021155,106.3826523,103.7495695,41.93264994,26.56128694,165.6489278,53,7,56.02884664,11,117.8857838,320.0742508,334.0157442,5080.763535,1610,18,50,-0.003713789,2.718007423,70.49689441,22.1,63.82352941,111.9,89.8,2.550251211,1406161.831,729719.2384,43,53.30797234,47.28402137,37.79986204,5.632429056,188.5369893,1.362888046,1.312577514,0.289924156,2.637643601,0.757580269,0.761859767,0.120376747,0.379126278,19,85.4140991,86.36738225,44.76837942,12.93189718,151.810582,50.51626611,51.89805405,24.02372095,12.82756395,95.70021155,122.1121426,106.5539335,27.57896436,98.70564425,165.5800268,25,4,91.4699827,192.6508743,273.3215498,2292.242811,1510,16,110,-0.002985686,2.445497265,138.3552632,73.2,127.1428571,205.6,132.4,2.911651836,2550075.457,1749447.837,49,54.76147866,47.47399158,45.38366124,1.14061387,169.0481942,1.436777169,1.350928191,0.400953166,3.083221338,0.734304297,0.740231795,0.149881001,0.324336105,22,88.18736705,88.75773612,46.50445397,3.373530646,171.0262131,44.66302046,36.32739435,27.08379285,4.594253331,81.12677627,102.5970189,109.202397,44.06747216,45.94421633,165.6489278,27,9,115.6410432,221.4511342,334.0157442,2683.312454,60,1,30,-4.3e-18,0.693147181,55,26,50,74,48,1.791759469,2078.758411,1695.634248,1,2078.758411,1695.634248,1,105.2082701,105.2082701,NA,105.2082701,105.2082701,1.467370945,1.467370945,NA,1.467370945,0.681490937,0.681490937,NA,0.681490937,0,NA,NA,NA,NA,NA,NA,NA,NA,NA,NA,NA,NA,NA,NA,NA,1,0,19.68720574,19.99025676,69.72325867,105.2082701
"24","20180509_sample_4.SWC",4230,36,60,-0.004748524,3.198547323,124.3160377,33.85185185,87.40740741,263.6,229.7481481,3.254737041,10937122.29,5722672.706,90,73.35457741,65.93822832,49.91685248,3.719702929,218.5347487,1.887616343,1.399242054,3.787267261,37.17401802,0.702616306,0.71467404,0.162483006,0.026900509,40,78.89486681,84.50873876,44.95193793,3.650718316,164.226012,57.30881174,59.82359206,32.20600909,1.51281312,150.1414919,100.6558162,101.7812829,34.49414028,22.56490668,160.3604064,50,6,260.9201864,10,351.4091687,391.9739402,234.5198599,6276.393434,2000,24,40,-0.011486978,3.288745469,70.65,25.83333333,62.72727273,110,84.16666667,2.56066056,2661476.697,1981933.45,43,65.85080111,49.65244234,49.76804155,3.719702929,172.8539439,1.43778395,1.367843047,0.356165497,2.645526014,0.730755903,0.73107803,0.151588138,0.377996661,18,67.39290183,72.11416929,43.12540764,3.650718316,150.4701293,69.64188468,70.25276123,37.63459611,10.44196595,150.1414919,107.0186114,101.7812829,31.25854975,61.25049076,160.3604064,26,5,278.4971311,161.5927058,185.0937838,2831.584448,1070,11,260,-0.000840884,2.120231812,256.9444444,197.5555556,252.7272727,307,109.4444444,2.721504834,1513551.87,799027.4903,20,91.92846321,94.65521308,63.02779309,0.143178211,218.5347487,1.541487146,1.412443325,0.627547855,4.046871665,0.701927033,0.708004426,0.153800842,0.247104451,9,74.31279792,63.61757659,45.558655,5.465614413,164.226012,45.07371451,44.45029429,22.26790906,18.40179155,75.68529966,107.9308395,107.9308395,46.76920147,74.86002003,141.0016591,11,5,351.4091687,144.7409763,164.569455,1838.569264,920,11,50,-0.009797679,2.844114414,95.2173913,46.54545455,84.44444444,147,100.4545455,2.589080326,1859718.004,1150533.488,4,505954.8937,368373.8392,22,73.01089644,67.71763088,37.4144087,13.39224522,147.5146023,1.560449737,1.416899475,0.451031195,2.956359554,0.679558159,0.705852958,0.146239252,0.33825385,9,93.50824068,87.18831094,36.09118673,20.20580007,149.6059643,44.16074321,46.18909955,26.17485463,1.51281312,75.27954703,111.6424841,116.2409977,35.10801704,64.54069021,149.5472507,13,4,263.8916643,208.4609684,115.7894002,1606.239722
"25","20180509_sample_5.SWC",4825,49,60,-0.009426335,3.963710291,99.19254658,26.77777778,82.03125,178.9166667,152.1388889,3.06591612,7335798.69,4590528.166,112,66.0337188,54.11228966,49.85537603,4.478382011,261.9384326,2.04078576,1.430719644,3.749625766,39.1457877,0.655418141,0.69895338,0.163160954,0.025545533,53,73.61783644,73.99607125,39.14967952,7.20540668,178.3471772,59.44727018,59.45812954,39.61450184,4.007804542,165.1824527,76.43653256,64.37229771,40.36963882,13.89603675,151.2309694,59,6,102.1447561,13,384.6435782,315.3030084,158.0288214,7234.957449,2020,26,60,-0.009037651,3.198263041,67.77227723,23.26315789,58.46153846,108.1666667,84.90350877,2.528071127,1742600.533,1423513.594,44,69.92195493,57.21916496,49.69537003,4.478382011,179.7316733,1.477301077,1.369297354,0.36876924,3.132531795,0.704891208,0.730301565,0.121424313,0.319230599,20,84.72548699,85.19366511,43.46168721,7.20540668,178.3471772,56.75560325,54.07875758,32.39851434,11.28697899,122.2842118,80.68494019,83.55045376,37.96100995,13.89603675,151.2309694,25,6,264.8715841,181.4979135,112.085796,3076.566017,2035,20,150,-0.004713637,2.834891463,147.0588235,64,143.5,209.3333333,145.3333333,2.964800432,2739090.107,1572977.852,45,68.51378356,61.72126082,56.211242,0.463252903,261.9384326,1.888134524,1.437861881,1.884649462,13.73424002,0.650861538,0.695477092,0.17337337,0.072810727,22,64.44218933,67.60848898,35.01292738,10.02594231,132.3366511,65.24113666,53.12753251,46.95146705,7.45415068,165.1824527,62.66251978,56.18364344,27.44373197,25.92387522,113.3111102,23,8,384.6435782,162.2055393,133.9073539,3083.12026,670,8,40,-0.007300868,2.16900149,60.29850746,18.14285714,53.57142857,91,72.85714286,2.373415255,538320.9413,318271.9107,4,88805.48396,68497.38113,18,59.73728738,50.0896596,36.18213898,9.90198933,140.3404352,1.755173872,1.538555434,0.575558867,3.211772529,0.621047947,0.656383224,0.171469971,0.311354553,7,63.48294659,69.81401767,36.57096137,18.85202256,127.9079076,58.03076031,33.34480553,49.54743691,4.007804542,132.4981474,NA,NA,NA,NA,NA,11,2,232.5030078,109.7671544,75.62372116,1075.271173
"26","20180510_sample_5.SWC",3715,23,70,-0.004320883,2.94077265,145.6182796,26.77777778,102.3529412,359.75,332.9722222,3.437562845,12268398.47,3995118.395,64,93.28970488,79.62526912,61.21207739,13.33975444,236.1060596,1.728300231,1.444938362,1.411401239,12.4900852,0.661737375,0.692072698,0.15147629,0.080063505,29,85.41229019,83.11002232,43.41839847,2.607579507,160.1363526,51.1787454,39.99565689,40.6432072,6.49934628,165.1399686,117.960238,117.0041672,45.49305975,39.29248157,172.7668406,35,6,374.9348119,11,365.7768011,586.3717117,117.9435003,5534.201302,2320,20,40,-0.007911591,3.201072684,87.88793103,22,80,148,126,2.897060776,2604127.034,1570013.539,34,98.56062738,74.90157062,70.87649658,13.937614,236.1060596,1.575808436,1.447227055,0.378526338,2.831515085,0.663998722,0.69097658,0.130747593,0.353167817,15,86.51236798,86.50892002,47.96201469,2.607579507,157.4994136,45.87882031,38.16879584,31.00661893,9.342697736,101.7994717,118.094822,151.5728427,63.51543638,34.33146647,172.7668406,20,5,365.7768011,188.2069785,97.35468349,3351.061331,755,8,360,0.005282131,-0.26321586,351.9736842,268,358.75,396.75,128.75,2.741377294,1062897.641,738353.6869,17,85.93299959,87.13961253,50.863717,5.283281452,155.9621417,1.528861261,1.442704084,0.333327794,2.351286849,0.680427022,0.693142836,0.131741773,0.425299023,8,72.51179895,69.68005416,37.49570076,12.86824328,146.9699332,54.47972278,44.9359327,50.56857223,9.681364918,165.1399686,104.4932641,104.4932641,18.64118241,91.31195763,117.6745706,9,5,196.3166698,186.840127,113.9656919,1460.860993,370,7,70,0.00034128,1.000536268,112.1621622,42.33333333,78.75,191.5,149.1666667,2.704087095,558233.4918,342061.0774,5,19661.17837,12244.63366,7,103.1827111,107.2832512,51.68082288,40.95045674,179.3891527,1.595848001,1.518556116,0.334104557,2.141347259,0.649865699,0.658520281,0.13130917,0.466995718,1,45.92473017,45.92473017,NA,45.92473017,45.92473017,149.3568796,149.3568796,NA,149.3568796,149.3568796,NA,NA,NA,NA,NA,6,1,174.7606273,187.1630395,87.68579154,722.2789779
"27","20180522_sample_7.SWC",2145,16,30,-0.004365993,2.754731128,108.6046512,23.4375,102.0833333,190.7142857,167.2767857,3.088157975,2654940.989,1423421.797,49,65.06911003,52.9125826,39.03912532,10.06814991,193.7961972,2.517180498,1.376912131,7.517150233,54.01272368,0.704134649,0.726262757,0.156231465,0.018514156,22,85.76118096,72.07330577,65.18119664,4.436541758,169.2861841,72.07605127,67.62397663,45.69683012,6.958073405,167.2494821,86.10767519,63.42120025,46.4076281,49.63599052,147.0613805,27,5,103.1390934,8,78.65986987,342.5591046,248.4331403,3034.22028,790,13,30,-0.00339628,2.155518633,63.92405063,15.8,55.83333333,110.25,94.45,2.506419774,481894.7484,201389.4428,13,86.32060442,67.79462794,58.09595042,16.84900472,193.7961972,1.576809937,1.443821819,0.511806651,3.103107083,0.675770136,0.692606239,0.145596317,0.322257651,5,80.31843443,63.36333049,65.32634084,6.455225409,151.8812853,59.8048301,53.19439524,26.91267688,26.41823185,94.9478736,62.24421213,62.24421213,12.04459693,53.72739596,70.76102829,9,3,32.61408115,179.1674342,247.0744062,1122.167857,1035,12,160,-0.000203513,1.842497298,156.4423077,93.5,153.3333333,205.75,112.25,2.762425948,761600.379,591111.2436,29,55.76476018,51.3077762,28.45979722,0.865685425,114.1061731,1.394348991,1.285383758,0.242147843,2.026007718,0.73542354,0.777977778,0.110558648,0.493581535,14,82.5505246,68.46937719,68.37896756,4.436541758,166.1412075,80.78289563,80.24706875,48.99555832,6.958073405,167.2494821,113.38922,143.2836858,55.08270798,49.82259385,147.0613805,15,5,78.65986987,152.6293217,227.7884452,1617.178045,200,3,60,-0.00336482,1.317017609,85,40,80,120,80,2.345737404,40098.98667,27208.48258,2,20817.79192,12047.31767,4,73.71859429,72.51560934,24.50703137,45.04433435,104.7988241,1.337587264,1.355478502,0.061180718,1.388101641,0.748828515,0.737865365,0.035391835,0.720408341,1,35.17500152,35.17500152,NA,35.17500152,35.17500152,129.2917858,129.2917858,NA,129.2917858,129.2917858,NA,NA,NA,NA,NA,3,1,48.26366599,71.08108418,126.3140683,294.8743772
"28","20180709_sample_2.SWC",2405,27,70,-0.009055928,3.182714702,87.88381743,25.91666667,71.08695652,159.5,133.5833333,2.89611517,3051512.645,1466287.998,56,60.04094454,54.30894936,38.61807829,5.222838552,155.1155059,1.85992184,1.246320557,4.279843888,33.27871883,0.779970729,0.802371079,0.151540148,0.030049234,24,80.92154406,73.4090801,35.50650218,17.29579232,153.393478,36.41595195,26.46214634,24.22305837,3.493918561,88.49778699,102.6167384,113.3490006,43.48573387,26.53740531,162.0976845,32,4,241.6465009,6,98.95931656,387.0177624,267.5128419,3070.41206,1360,17,70,-0.004679048,2.530696665,75.58823529,26,70,113.7777778,87.77777778,2.554582618,1457882.752,840743.19,26,69.13610486,64.24331965,36.69433442,5.659017609,124.7988051,1.324318309,1.329867501,0.190315442,1.643463445,0.770262176,0.751959222,0.110492381,0.608471094,11,78.97570178,73.22966942,38.27867611,27.07847897,153.393478,31.59006813,21.50982145,24.75143435,3.493918561,78.06271677,69.0826644,56.51341593,37.04724369,33.53311773,123.9628976,16,5,95.65917361,167.6221853,267.5128419,1797.538726,255,2,160,-0.002138717,1.521900039,220.3846154,163,215,267,104,2.618268371,27046.53907,13941.28674,3,99.92028131,140.7675677,83.48406292,3.87777039,155.1155059,1.188161128,1.145158684,0.11121869,1.314460677,0.846366155,0.873241424,0.075820902,0.760768289,1,75.65547977,75.65547977,NA,75.65547977,75.65547977,25.90147379,25.90147379,NA,25.90147379,25.90147379,NA,NA,NA,NA,NA,2,1,29.89734077,131.7081444,89.01263361,299.7608439,600,11,60,-0.007640707,2.235015507,64.83333333,30,60,88.33333333,58.33333333,2.191215972,479357.3632,323708.7489,4,97597.40459,78370.43448,21,46.33868997,39.22617114,28.51043138,5.222838552,100.2818296,1.267675488,1.194393187,0.30250573,2.450706735,0.816735049,0.837245231,0.128663402,0.408045559,9,77.59399713,73.63784277,31.66689245,17.29579232,122.9121803,43.26402036,39.53064113,31.36847526,11.38486981,90.1796749,114.5525963,114.5525963,8.774804047,108.3478729,120.7573197,14,3,71.19587818,111.9244923,219.9475181,973.1124894
"29","20180712_sample_13.SWC",3940,35,80,-0.007452749,3.56681181,107.7468354,23.86363636,82.6,207.5,183.6363636,3.1657143,5144971.071,3121990.992,97,66.79350191,60.11141385,39.43466878,2.335548074,161.6308916,2.63890386,1.440477081,11.18394671,111.6205404,0.677534276,0.694214447,0.130790917,0.008958925,44,84.15839175,85.00645999,43.40991455,4.581639867,164.231107,73.30175039,80.70730016,34.41901375,1.444125531,140.1234364,92.28181331,76.21574854,48.23642658,32.86016993,175.9356601,53,9,89.07823318,10,101.2594605,344.4951974,413.189845,6313.710944,2425,26,80,-0.008778826,3.134174662,85.72016461,19.5,66.30434783,195.6666667,176.1666667,2.902729547,2926861.843,1363041.661,59,64.65511351,59.09777795,37.29237194,2.335548074,161.6308916,1.482920148,1.414370318,0.288109143,2.453600369,0.695900869,0.707028412,0.116582504,0.407564334,26,80.70599464,84.38651487,43.16053663,4.581639867,164.231107,65.82537492,65.46763297,39.30413576,1.444125531,140.1234364,93.6014033,83.20904493,39.32660754,46.02651036,153.3406879,34,10,90.39511304,344.4951974,296.5672745,3814.651697,1325,10,180,-0.004464446,2.420158194,156.5413534,73.28571429,153.8888889,218.1428571,144.8571429,3.047885374,1971925.037,787240.8636,33,68.6946737,59.9182664,44.55044028,1.381683754,160.2750242,1.489671073,1.440477081,0.233297224,2.089450406,0.687495627,0.694214447,0.109428139,0.478594752,16,89.25468077,91.0562188,40.3703653,30.74481815,148.1911386,82.53534868,83.49333751,23.62257624,43.16085918,130.8297761,45.83632496,45.83632496,18.35105443,32.86016993,58.81247999,17,7,101.2594605,195.3945204,413.189845,2266.924232,110,2,50,-0.002896179,1.127574082,68.18181818,40.5,62.5,89,48.5,1.893788232,21113.90205,20752.39935,1,21113.90205,20752.39935,3,77.37833831,105.3657308,56.38775961,12.47188502,114.2973991,1.577212965,1.710654152,0.239343729,1.720088431,0.644879309,0.584571697,0.107244515,0.581365459,1,156.2896337,156.2896337,NA,156.2896337,156.2896337,91.9088617,91.9088617,NA,91.9088617,91.9088617,NA,NA,NA,NA,NA,2,1,45.62819901,68.94671077,57.66974526,232.1350149
"30","20180725_sample_3.SWC",2935,24,40,-0.006892359,3.246986462,105.4761905,26.11764706,79.47368421,213.7142857,187.5966387,3.154455833,5573050.355,3189408.812,77,60.50665994,51.99697855,43.19180242,6.146298332,203.2109849,1.602276604,1.347464009,1.68047667,15.96375514,0.719790784,0.74213485,0.13559961,0.062641903,35,68.86863418,60.66547796,39.64045189,11.13929097,165.0086347,57.335997,50.48724498,33.61985151,8.889381061,145.91591,107.7450201,135.099432,41.81783082,33.18166081,140.3921564,42,6,42.01351672,9,125.8498215,330.7637505,315.6727281,4568.598836,1460,22,40,-0.011312193,3.091405553,59.65753425,19.55555556,50.625,96.28571429,76.73015873,2.435064361,1283818.413,837164.7773,39,55.1992328,51.99697855,35.79904651,6.146298332,137.2949227,1.376529565,1.340538099,0.222331186,2.145421669,0.743495376,0.745969101,0.110984351,0.466108837,17,73.42543874,72.45322562,44.67486401,16.63437717,165.0086347,56.67854949,62.41523287,27.543596,8.889381061,116.8320271,104.1819799,101.8795662,35.11562594,70.27421709,140.3921564,23,4,88.36304607,193.7348366,249.6392187,2152.770079,1425,9,120,-0.002194775,2.152966619,155.3846154,62.16666667,146.875,235.2857143,173.1190476,3.161569549,2746268.659,1172478.808,37,65.29266909,57.36976675,51.17906571,0.147648231,203.2109849,1.448790573,1.347464009,0.323447691,2.483516969,0.71549666,0.74213485,0.120639406,0.402654788,18,64.71247291,54.65961364,34.81448225,11.13929097,118.8730958,57.95691966,46.15308603,39.31571112,12.37818295,145.91591,110.4173003,135.1866224,51.5089681,33.18166081,138.1142954,19,8,108.5971189,216.230921,315.6727281,2415.828756,NA,NA,NA,NA,NA,NA,NA,NA,NA,NA,NA,0,0,0,0,0,0,NA,NA,NA,NA,NA,NA,NA,NA,NA,NA,NA,NA,NA,0,NA,NA,NA,NA,NA,NA,NA,NA,NA,NA,NA,NA,NA,NA,NA,0,NA,0,0,0,0
"31","20180817_sample_6.SWC",3795,45,40,-0.006924667,3.130086341,90.44736842,20.86956522,64.6875,146.6666667,125.7971014,2.975930908,5276568.149,1475432.16,73,70.34858212,57.59641024,65.69218286,1.439286658,482.6517766,1.647283473,1.28630574,2.2398096,20.20710461,0.746498601,0.777420149,0.158036256,0.049487545,29,77.68625119,83.39638445,38.09854314,2.215030111,135.9844672,63.8126024,58.17480025,35.28751274,3.330788869,125.0943165,108.2394112,103.1012905,31.61537124,70.54025563,163.9172383,44,14,530.9060266,6,318.0369088,580.6818645,105.3625143,4544.4764,2930,39,40,-0.012761575,3.80007826,69.35153584,19.5625,60.19230769,114.75,95.1875,2.621605846,1472045.635,974282.9372,57,68.35229737,64.95432494,42.98850948,3.379676194,186.822491,1.372131711,1.309564118,0.362705947,3.653744783,0.756310648,0.763612859,0.118004312,0.273691804,22,77.8591158,84.97190741,36.84064712,2.215030111,135.9844672,59.70248932,53.24200628,36.18622313,3.330788869,125.0943165,103.0983811,91.11258126,36.82895939,70.54025563,163.9172383,36,5,318.0369088,190.1005957,101.6612699,3896.08095,45,2,440,-0.020273255,10.08642219,448,432.5,442.5,455,22.5,1.054920168,848.0256008,771.4643517,3,25.0040705,27.51088281,23.29917962,0.552847853,46.94848085,1.232048357,1.108244925,0.237211181,1.505547988,0.830150435,0.902327615,0.144113378,0.664209981,1,19.63695705,19.63695705,NA,19.63695705,19.63695705,105.6659773,105.6659773,NA,105.6659773,105.6659773,NA,NA,NA,NA,NA,2,1,21.52414467,31.72953605,7.127462406,75.01221151,350,7,50,-0.011988093,2.297876351,65.42857143,28.75,55,102.5,73.75,2.240734221,105086.4477,69944.54665,4,39466.72543,28928.06347,8,71.67290486,69.22808103,54.4826662,7.397904134,165.0528164,1.68982459,1.301356782,0.698448037,2.798994312,0.670423567,0.769195307,0.221157135,0.35727118,2,42.25561407,42.25561407,31.22445363,20.17659117,64.33463696,61.77729849,61.77729849,40.40143649,33.20916877,90.3454282,NA,NA,NA,NA,NA,6,1,125.2876943,118.6399092,102.3388107,573.3832389
"32","20180820_sample_6.SWC",3045,23,80,-0.00815963,3.422975928,99.50819672,26.76470588,87.75,173.5,146.7352941,3.048469394,5553742.658,3187561.861,76,61.26521266,45.34023082,47.38359297,2.896656178,184.2665463,1.898151315,1.279940306,4.838379629,43.44634913,0.759768347,0.781286497,0.15180095,0.023016894,36,83.4125434,80.46060651,42.41049671,4.258048083,177.8559811,48.64885784,46.30414958,28.28611816,8.564336061,107.6083261,75.56017771,82.17805666,47.23665315,10.5410478,150.3389726,40,4,49.46210691,9,152.506426,281.1478345,370.9801514,4557.138547,1410,15,40,-0.00903829,2.800281215,80.78014184,20.84615385,63.75,159,138.1538462,2.876525502,1929049.234,1074145.297,32,61.53380049,51.92776755,46.76178764,5.193565302,171.8875283,1.351431892,1.259946138,0.401958327,3.039786372,0.781464287,0.793720514,0.153125854,0.328970486,15,78.11803163,78.15431455,36.65481671,4.258048083,152.7464486,45.51548568,42.41187478,29.45161945,8.564336061,102.8194831,73.23398648,82.17805666,44.78418838,12.43406226,136.1854406,18,7,98.9329352,245.6595718,329.5272452,1969.081616,1245,11,110,-0.006359342,2.687280147,132.8,71.66666667,125,183.75,112.0833333,2.852260247,2528031.391,1268077.589,35,61.51362414,44.319983,48.11433335,0.215406592,158.858934,1.360194162,1.331859023,0.173851457,1.728006666,0.746916285,0.750830217,0.095898227,0.578701471,17,87.69589308,84.90473501,47.97042048,14.74518202,177.8559811,57.64284901,56.70978118,26.63340119,14.42764313,107.6083261,72.95074458,69.47038135,58.05454542,10.5410478,150.3389726,18,7,134.3786699,172.1809216,294.4347695,2152.976845,310,5,40,-0.007145623,1.868777888,71.61290323,30.2,65,106.3333333,76.13333333,2.323861898,72024.17486,61015.34276,1,72024.17486,61015.34276,7,62.15429808,48.00825663,61.66920808,2.896656178,184.2665463,1.221216253,1.130765879,0.246989089,1.756907232,0.841631719,0.884356363,0.13278737,0.569182016,3,63.89091474,68.69100467,24.51430257,37.33159862,85.65014093,24.0410103,19.7601712,8.452303893,18.58555903,33.77730067,27.72537667,27.72537667,NA,27.72537667,27.72537667,4,3,22.12428262,71.18037891,113.9347137,435.0800866
"33","20180926_sample_9.SWC",6185,50,50,-0.005074421,3.509725449,128.4006462,29.18421053,88.84615385,262.5625,233.3782895,3.238683669,10198997.44,5539444.568,141,65.98155834,62.78980266,39.28756785,4.483284267,173.7803573,1.341470577,1.283347854,0.294950095,3.528657754,0.766411417,0.779211963,0.104471269,0.283393877,63,71.84909562,64.71872385,34.74111508,1.054903313,142.8200435,47.44825118,42.2962729,28.86126479,3.394280623,142.0743752,87.98792744,94.05079676,48.46303534,6.611102446,169.4160533,78,11,89.44708479,14,153.4430926,421.4749997,353.5619023,8993.9538,3400,43,50,-0.012604779,3.834690673,66.85294118,23.71428571,59.6969697,103,79.28571429,2.463234285,2296382.062,1979985.73,76,63.53343883,63.35072758,33.84150296,4.483284267,138.1134043,1.362773426,1.297674972,0.303548253,3.528657754,0.754364506,0.770609426,0.103074976,0.283393877,32,76.9932108,84.49382527,39.76845106,1.054903313,135.0811063,49.81588363,44.42603153,25.72692472,12.11271093,142.0743752,81.15348056,82.76166825,45.44549799,6.611102446,162.6794669,45,5,96.54158754,219.3264659,264.7934022,4828.541351,2255,23,260,0.001574812,1.677932416,235.7964602,148,238.9473684,294.8888889,146.8888889,2.985698096,4506795.638,2191873.032,55,64.27159548,57.99028394,41.5152015,0.748531896,167.740129,1.28554579,1.258322323,0.197213597,2.410507597,0.791177911,0.79470894,0.093058068,0.414850383,27,68.74206602,65.58245916,29.61446067,21.63352487,142.8200435,47.81723086,45.28992922,32.64786778,6.432958993,138.3626468,91.08218964,107.6928101,63.88196079,24.10049199,169.4160533,28,10,153.4430926,236.7922378,353.5619023,3534.937752,320,4,50,-0.007496924,1.978246694,81.5625,43,75,114,71,2.296050036,337456.0252,114411.9238,3,90459.12837,54471.53524,6,105.0791161,121.1074929,50.38492683,15.15981359,160.9020049,1.355609757,1.307869951,0.168635756,1.671292911,0.746297785,0.764650592,0.08374872,0.598339162,1,53.73312276,53.73312276,NA,53.73312276,53.73312276,24.50085979,24.50085979,NA,24.50085979,24.50085979,NA,NA,NA,NA,NA,5,1,61.13913144,174.8709173,231.3862966,630.4746967
"34","20190110_sample_7.SWC",3975,26,50,-0.004191459,3.072419687,138.8944724,30.81818182,98.94736842,281.4666667,250.6484848,3.348259668,6249224.856,2729774.798,99,61.8677421,54.32961649,41.18803994,5.722307675,213.5150613,1.899511887,1.345269804,4.289922508,43.95747313,0.710394926,0.74334531,0.156694114,0.02274926,45,73.95539063,64.29809559,43.85995021,8.426513277,160.5530361,58.77891887,58.83188163,31.03440583,5.779614068,119.8505935,106.4757453,97.93072399,39.28192459,46.1811822,165.3205005,54,8,181.5278417,10,310.3282389,473.7194538,114.1396826,5888.857181,1890,20,50,-0.009295086,3.154089327,72.32804233,22.41666667,65.25,115.1,92.68333333,2.605672569,1411798.75,1191397.454,48,60.90859388,51.8374204,48.73895388,5.722307675,213.5150613,1.521022174,1.382589854,0.477661602,3.483711366,0.701256556,0.723280318,0.151402091,0.287050187,21,67.90238871,44.34742861,47.51970507,8.426513277,144.216909,50.00844126,57.96741428,34.63628887,5.779614068,110.1948729,96.62556819,89.33646792,40.67198548,46.1811822,165.3205005,28,8,290.498218,157.7639344,85.67287749,2923.612506,1545,15,290,0.002083319,1.330784561,246.1935484,154.1666667,254.6428571,305,150.8333333,3.007752103,1100442.415,624870.8721,36,62.82952664,54.44444222,35.484571,1.750445818,162.692077,1.338669701,1.242240012,0.26636551,2.411884528,0.768633541,0.805000553,0.115404489,0.414613547,17,79.78379515,75.56412056,40.53228416,19.3767865,160.5530361,68.68236795,60.56971822,26.31087963,28.04560898,119.8505935,97.7549751,97.7549751,7.035265304,92.78029129,102.7296589,19,6,295.4604169,229.2907964,75.77699732,2261.862959,400,5,40,-0.008058846,2.123982037,71.5,32,64,105,73,2.31656155,288043.5453,150447.2136,3,78159.08301,51809.48822,11,63.94379233,63.34642305,33.45003308,8.506375948,119.4501996,1.51442169,1.445820568,0.267879442,2.214222383,0.675697331,0.691648758,0.097511893,0.45162582,4,59.19978535,44.87924435,40.29361398,28.92961007,118.1110426,67.27862369,74.01346066,17.29881209,47.62531015,80.19710028,NA,NA,NA,NA,NA,7,2,207.9500515,109.8846899,71.454171,703.3817156
"35","20190117_sample_2.SWC",1485,17,20,-0.005977933,2.438759266,96.51006711,15.82352941,62.5,250.5,234.6764706,3.077100124,3567644.726,837713.6028,29,73.72483029,61.08556971,56.19534079,2.929790055,257.6770509,1.56691459,1.343776753,0.797830085,5.415362423,0.706265602,0.744171231,0.160569991,0.184659848,12,66.47567171,79.37725656,39.22068236,5.277769226,137.6256335,54.71881298,59.46925236,28.96703923,11.47462374,103.3471812,81.8434071,90.06086524,38.12897398,33.48288738,127.5487381,17,5,322.1090177,5,123.2753689,400.077423,233.642188,1731.623576,860,14,20,-0.014989836,3.048993544,61.97674419,16.14285714,50.90909091,108.5,92.35714286,2.454424445,545045.2069,288419.3428,17,69.13999148,61.08556971,43.85865105,11.24001854,157.8784109,1.492451553,1.343776753,0.352397759,2.342774823,0.70023143,0.744171231,0.139544056,0.426844266,7,52.04134721,78.19782258,39.48587828,5.277769226,88.13690713,48.29234638,59.34470995,22.25007694,11.83579823,75.37254069,97.86352155,90.06086524,20.62292754,83.78361759,127.5487381,11,4,103.5433417,109.3576132,233.642188,1175.379855,165,2,250,-0.005160465,2.499309935,288.8235294,248.5,282.5,323,74.5,2.262386254,17792.20797,11519.76073,3,79.57036261,116.8833304,68.16894637,0.890449325,120.9373081,1.238285727,1.199150428,0.260071225,1.515706752,0.83122732,0.833923732,0.170136912,0.659758227,1,63.66978241,63.66978241,NA,63.66978241,63.66978241,41.36070743,41.36070743,NA,41.36070743,41.36070743,NA,NA,NA,NA,NA,2,1,38.51697524,95.28796282,48.67654505,238.7110878,160,3,70,0.001369915,0.980122079,66.25,33,63.33333333,87,54,2.014035524,58467.02104,30380.31317,3,11074.40368,5795.135188,5,63.50652655,54.27712919,48.78238773,19.11747996,131.7218212,1.364115216,1.365408219,0.145126025,1.590842357,0.73939701,0.732381705,0.074513675,0.628597796,1,137.6256335,137.6256335,NA,137.6256335,137.6256335,72.39681867,72.39681867,NA,72.39681867,72.39681867,NA,NA,NA,NA,NA,4,1,77.02910099,38.88004038,146.4864126,317.5326327
"36","20190117_sample_4.SWC",1680,10,50,-0.001763404,1.991478526,143.7869822,26.5,101.875,276.375,249.875,3.245446233,5449716.601,1169031.288,33,84.4432553,71.70660291,51.46456087,11.59253454,212.3152921,8.810705881,1.434274345,42.11844276,243.4279039,0.668418321,0.697216682,0.150795374,0.004107992,15,74.05716659,85.43558343,53.19329632,12.2257927,140.4991353,64.99527199,62.26656625,30.17145586,12.07578027,117.8930857,114.3969788,111.5078726,36.8740895,76.69271916,173.0261897,18,3,250.1086129,6,110.056205,417.7889771,242.5384216,2481.008709,760,8,50,-0.001436646,1.982770988,68.94736842,17.2,65,107.3333333,90.13333333,2.513108539,1001336.128,543330.2833,15,81.39095352,68.71160363,47.25961225,15.06307816,156.6440599,1.520407698,1.454180432,0.209749003,1.939671213,0.668923325,0.687672574,0.087777043,0.515551292,7,53.80757404,22.57366299,49.39108828,12.2257927,136.3862436,73.24150411,72.14684554,38.87852932,20.0257145,117.8930857,124.8594544,124.8594544,68.11805027,76.69271916,173.0261897,9,4,97.68433719,147.4042513,242.5384216,1220.864303,630,8,250,0.00626532,0.113826995,259.53125,211.3333333,257.5,291.2,79.86666667,2.43006947,521643.6375,433745.2135,15,74.03225035,71.70660291,50.14294838,0.441814441,158.593919,1.444298268,1.41194719,0.248040284,2.017341126,0.711528657,0.708241786,0.123057435,0.495701985,7,92.11369848,91.68388227,44.46918715,29.68721158,136.5040717,55.42212097,60.96139407,20.29532091,12.07578027,71.80549517,115.5919393,115.5919393,5.775742499,111.5078726,119.676006,8,4,101.1299617,131.2538793,143.4262533,1110.483755,90,1,40,2.25e-18,0.693147181,80,39,75,111,72,2.197224577,7075.288181,3014.238615,1,7075.288181,3014.238615,1,149.6606513,149.6606513,NA,149.6606513,149.6606513,1.290764671,1.290764671,NA,1.290764671,0.774734561,0.774734561,NA,0.774734561,0,NA,NA,NA,NA,NA,NA,NA,NA,NA,NA,NA,NA,NA,NA,NA,1,0,18.36953387,34.19142943,111.0232895,149.6606513
"37","20190122_sample_2.SWC",4335,32,100,-0.008990331,3.808781195,106.9354839,25.7,87.09677419,204.6,178.9,3.191827749,7181182.096,3889111.552,79,79.8637515,75.19748772,51.48429245,4.606279384,240.9555634,1.58880279,1.321648786,1.556064375,14.70212827,0.733620136,0.756630665,0.157644737,0.068017363,34,81.0342165,75.35290818,42.86285354,4.649685862,162.7562814,61.23696835,54.51132506,32.53320233,0,149.7618381,72.66504278,75.78275698,37.95830951,7.878725313,134.6647289,45,11,0,9,486.4230699,354.5021846,135.4690574,6247.873693,2570,26,60,-0.014984998,3.750415682,71.51750973,19.75,63.54166667,109.6111111,89.86111111,2.653960246,2111137.035,1316518.197,45,81.33896139,76.80353355,50.41107039,7.186503991,238.2371673,1.470013516,1.321648786,0.517063746,4.140905215,0.725925628,0.756630665,0.146171756,0.241493091,18,61.62336258,57.98192258,37.79305589,4.649685862,142.5201843,59.79712506,54.51132506,38.56256099,0,149.7618381,79.69445124,87.64184556,42.58217876,20.22950708,134.6647289,28,4,237.5522008,354.5021846,64.97969719,3660.253263,1725,10,140,-0.002498658,1.993328981,161.6763006,71.625,151.875,246.75,175.125,3.321158962,3582544.058,2011465.596,33,78.41274033,75.19748772,54.32065672,4.606279384,240.9555634,1.353414665,1.278505905,0.289281061,2.333313275,0.764282428,0.782162989,0.127673436,0.428575113,16,102.8714272,110.9619207,38.24060668,28.67842686,162.7562814,62.85679205,58.40023333,25.25602051,17.72262971,126.0832532,68.54989635,66.87074105,35.71554341,7.878725313,113.9776306,17,8,360.565759,308.1547905,135.4690574,2587.620431,NA,NA,NA,NA,NA,NA,NA,NA,NA,NA,NA,0,0,0,0,0,0,NA,NA,NA,NA,NA,NA,NA,NA,NA,NA,NA,NA,NA,0,NA,NA,NA,NA,NA,NA,NA,NA,NA,NA,NA,NA,NA,NA,NA,0,NA,0,0,0,0
"38","20190226_sample_6.SWC",2250,27,30,-0.004856796,2.5378515,108.0530973,17.41176471,62.5,302,284.5882353,3.130653955,4472742.352,1607970.415,46,76.77475502,61.49284693,53.70366296,5.982096793,179.9464595,4.081401453,1.504749992,17.13440092,117.7458559,0.652187329,0.664566722,0.152190677,0.008492868,20,79.07202982,78.61339549,48.16374674,15.01640238,158.9903171,59.67841172,64.00169697,24.12742784,6.06720464,92.41153436,91.54521989,94.79902803,49.71586279,17.74712987,167.8147707,26,6,252.4999445,6,238.7871925,451.6865813,117.8550884,3234.628361,1480,26,30,-0.011246401,3.160069531,55.60810811,14.875,45.625,97.42857143,82.55357143,2.411895402,1417851.813,1136494.674,32,73.4531506,58.47959104,54.84651424,5.982096793,162.9388782,1.567823107,1.531354219,0.277569805,2.458765192,0.655694797,0.653044888,0.107519669,0.406708214,14,77.35756148,72.6017087,50.47277663,16.80581288,158.9903171,62.20835942,68.5741232,24.37257903,14.12511193,92.41153436,91.54521989,94.79902803,49.71586279,17.74712987,167.8147707,19,4,238.7871925,161.1016655,117.8550884,2350.500819,460,5,360,0.002435522,0.537201021,291.7021277,203.5,297.5,354.6,151.1,2.889778682,240540.2961,98493.52352,7,95.89301485,98.57705671,65.70079456,0.104403065,179.9464595,1.349786514,1.275745808,0.33505091,2.067394004,0.772278171,0.783855212,0.152404141,0.483700735,3,104.6346375,125.5483985,47.64380473,50.11084103,138.2446729,61.57225493,61.75731247,9.209534134,52.2715866,70.68786573,NA,NA,NA,NA,NA,4,2,113.3372624,188.247013,54.94886782,671.251104,110,2,50,-0.002896179,1.127574082,68.18181818,40.5,62.5,89,48.5,1.893788232,32194.61922,23234.30087,3,2223.224518,1505.020826,3,70.95881252,62.7455421,27.6725208,48.32269078,101.8082047,1.823179425,1.477782797,0.772809694,2.708451033,0.608380825,0.676689431,0.213376163,0.369214724,0,NA,NA,NA,NA,NA,NA,NA,NA,NA,NA,NA,NA,NA,NA,NA,3,0,108.4469861,47.03058498,49.2519499,212.8764376
"39","20190322_sample_2.SWC",4475,41,70,-0.008507346,3.811307177,93.34821429,23.14285714,72.5,184.8,161.6571429,2.999535181,6090159.552,4441427.658,127,55.38751942,44.31246513,39.16638581,1.903785702,165.470513,1.491070557,1.333359723,1.425747626,17.19825266,0.745794095,0.749985156,0.129042672,0.058145442,58,82.20709257,81.23121831,31.96944275,7.685031291,146.9154064,48.00129426,44.70818534,27.46582529,4.33838643,119.5267442,82.93314251,84.06923671,45.00353033,8.437260812,154.1918799,69,10,105.1881859,13,365.5320826,318.8712257,136.3349015,6767.700386,2170,30,60,-0.012845367,3.558628402,59.35483871,17.64285714,54.16666667,92.09090909,74.44805195,2.388488875,1731529.574,1474466.99,61,52.82381349,47.02443272,34.04337574,4.241223923,152.6090711,1.3525621,1.340000534,0.175808058,1.754526614,0.751556211,0.746268359,0.096669404,0.569954307,26,85.26710112,86.19194753,35.44989593,7.685031291,138.2875488,46.06169382,42.45621486,24.90789265,4.33838643,106.4288819,80.5684978,77.51674319,44.78843603,8.437260812,134.0294745,36,6,222.8814512,221.9901929,122.3139443,3222.252623,1225,14,190,0.001820232,1.581393459,168.6178862,101,169.5,213.8571429,112.8571429,2.777236673,1657034.257,967877.2644,41,50.20929425,38.5680292,37.26755658,0.953414915,140.9082463,1.33641922,1.252813334,0.258343346,2.204729256,0.771544944,0.798203509,0.12636686,0.453570431,20,75.97181413,75.55052784,26.7691125,18.58478061,134.5172352,46.91624456,50.83319371,29.25423258,10.63311526,95.82422639,101.7289816,105.8050777,31.09829123,68.79363925,130.5882279,21,7,365.5320826,149.0680712,89.26312178,2058.581064,940,10,50,-0.008093043,2.518375365,83.08510638,32,73,138,106,2.677459805,1178416.103,740881.0132,5,464487.5725,216070.9893,19,78.25614207,70.71503725,46.45655285,15.59352039,165.470513,1.418522101,1.363678423,0.206114095,1.932962845,0.717457114,0.733310715,0.091775445,0.517340518,7,82.60992747,79.17608377,42.76603586,9.210811872,146.9154064,51.61322873,43.24705422,36.83108952,8.007129061,119.5267442,NA,NA,NA,NA,NA,12,4,186.3129162,177.5004971,86.62747955,1486.866699
"40","20190430_sample_9.SWC",2435,18,90,-0.005533189,2.882389324,114.3852459,24.92307692,88.88888889,215.6,190.6769231,3.134914705,4156581.917,2274716.542,58,65.80001817,69.96244448,38.62326993,4.753740733,192.0074503,1.981047043,1.271025245,4.913539548,38.70144629,0.759655181,0.786766932,0.159933414,0.025838828,26,81.61682379,85.86002893,37.44017815,19.11369483,146.1881118,48.17002076,49.52846646,25.1721585,5.789922653,84.76503161,91.48968719,101.4170338,50.8042758,12.6632237,147.6005914,32,5,103.0898469,10,114.564361,356.2119185,275.2423793,3658.79297,1030,12,80,-0.0040816,2.391779413,66.69902913,17.57142857,63.18181818,101.1666667,83.5952381,2.474044719,971931.1954,754141.9523,25,64.3582382,62.32270776,34.90002776,11.75118604,131.6903047,1.429492426,1.397503018,0.340845585,2.44599991,0.731670648,0.715561961,0.144755172,0.408830759,11,86.5909841,97.92621912,45.32941896,19.11369483,146.1881118,59.2886207,64.30611735,20.48856202,15.00593968,82.93503567,72.16550985,40.34266333,54.11279335,13.71581522,147.6005914,15,5,72.82934539,134.378246,237.2882484,1608.955955,925,11,200,0.001295304,1.296754776,193.9784946,126.5,195,234.5,108,2.716393745,810969.6627,503718.7828,23,64.91294496,68.6508066,45.72790489,0.08,192.0074503,1.248380393,1.170792236,0.197863839,1.705984135,0.818795509,0.854122507,0.118443053,0.586171922,11,78.69358463,82.22294136,35.22650639,29.06263284,141.0169403,39.93761625,30.31557812,23.8521348,9.969671954,84.76503161,116.7191127,141.3686678,58.34510932,12.6632237,146.8665242,12,6,80.34951696,167.7230859,225.2259453,1492.997734,380,5,30,-0.004938631,1.743958851,68.94736842,23.6,63.33333333,104,80.4,2.399510324,271496.0248,99850.60344,3,57405.39895,11342.88711,5,111.3678561,78.10022027,65.30704313,71.27408237,225.085272,1.309715866,1.270014389,0.10273737,1.42819565,0.767227743,0.787392654,0.059038179,0.70018418,2,96.30837182,96.30837182,37.96852824,69.46056803,123.1561756,75.62460979,75.62460979,12.24443175,66.96648907,84.28273052,NA,NA,NA,NA,NA,5,2,58.44018126,82.52417707,214.5868858,556.8392806
"41","20190606_sample_6.SWC",3765,27,60,-0.003190686,2.974451578,130.8488064,33.95454545,105.4166667,240.9285714,206.974026,3.229658143,9393363.341,5151904.466,93,64.95898398,47.12927782,48.54988344,3.453641502,182.8517573,1.814981462,1.366389385,3.903300149,38.99190535,0.717667562,0.731855803,0.128422114,0.025646349,45,82.46065821,79.73604717,31.41007024,22.63974854,168.3956193,45.36651369,39.40637015,22.93355793,9.399709217,98.82468397,91.81258294,98.0157084,38.29169728,32.59509216,172.5127415,48,3,158.1004049,11,316.9568211,413.2088896,161.8778945,5813.645568,1370,14,60,-0.00822848,2.680743234,83.43065693,29.57142857,75.41666667,125.5,95.92857143,2.720129858,2487336.414,1513133.697,33,62.50670661,44.14135772,50.54301312,3.453641502,165.3302446,1.397370968,1.348770971,0.233702551,1.899967726,0.733840276,0.741415719,0.11401795,0.52632473,16,73.05710848,71.7623224,30.2446609,28.8301917,135.2056751,40.52096611,38.00472558,28.31816919,9.399709217,117.6159821,104.2576263,105.8328467,39.85949869,32.59509216,150.690429,18,6,291.1321453,210.9191057,124.4315917,2062.721318,1455,17,230,0.004044091,1.169463011,218.3561644,159,218.6666667,258.6666667,99.66666667,2.660914408,1599101.814,1131448.588,29,80.82353005,68.25945092,49.07046682,0.177012136,182.8517573,1.471145724,1.453103049,0.220977018,1.988531081,0.694045593,0.688182439,0.10035458,0.502883766,14,79.98403239,77.17108093,31.2207389,22.63974854,155.8254631,44.29910762,34.42593627,22.98725469,16.83437601,98.82468397,NA,NA,NA,NA,NA,15,5,276.7718751,163.0360638,138.0868073,2343.882372,810,12,40,-0.01023237,2.639510974,65.92592593,27.28571429,57.08333333,99.75,72.46428571,2.370326591,1303292.551,821115.2294,5,212334.3969,128636.1697,25,56.28167513,43.16030826,44.8419538,10.73662923,179.0504665,1.382298415,1.307550993,0.221722495,1.972207317,0.739457936,0.764788529,0.105984654,0.507046086,10,87.45126982,85.30313332,27.73115788,40.93488216,136.4881089,60.70757433,64.41188066,20.11416191,31.73296714,85.44280639,65.45108493,65.45108493,19.46809446,51.68506332,79.21710653,15,3,254.4771589,162.3298767,129.7902156,1407.041878
"42","20190917_sample_3.SWC",1675,16,30,-0.006832728,2.625675606,89.76190476,14.14285714,58.66666667,232,217.8571429,3.027668447,3632465.914,1022804.753,34,75.69755059,65.47496797,55.97523143,2.82029293,300.4651138,4.493085991,1.38340874,16.98428983,100.5467197,0.674580576,0.72285217,0.208179699,0.009945625,14,89.50922201,91.71495365,41.10224697,9.721734119,175.1065859,55.27197238,58.14994507,24.91203697,6.570745139,93.02399266,64.59415277,66.31311023,21.19185276,27.9306091,83.75955512,20,6,371.1479151,4,260.5901339,406.895135,101.31804,2146.029712,1100,15,30,-0.010796962,2.903271168,55.63636364,12.30769231,45.45454545,98.33333333,86.02564103,2.452787848,880462.806,593500.5567,26,63.5506202,51.76237876,34.11957746,11.63304041,131.2375428,1.627075145,1.360082652,0.716584612,4.414886026,0.686107902,0.735280158,0.185636416,0.226506414,11,93.17791234,92.1274358,44.35674545,9.721734119,175.1065859,51.68607098,52.20374603,26.90727356,6.570745139,93.02399266,97.55368516,97.65545734,29.95556994,57.76785933,137.7367749,16,4,241.6497682,121.8233633,101.31804,1652.316125,145,2,260,-0.006081977,2.788050239,294,257.5,287.5,325,67.5,2.153532457,27906.58552,20330.11876,3,78.45099138,103.731717,68.97877046,0.398592531,131.2226646,1.210224376,1.173105321,0.167376617,1.393044561,0.836559389,0.85243838,0.111618121,0.717852126,1,43.90581281,43.90581281,NA,43.90581281,43.90581281,78.68670428,78.68670428,NA,78.68670428,78.68670428,NA,NA,NA,NA,NA,2,1,82.22540061,88.22401095,28.78948441,235.3529742,160,3,70,-0.005683523,1.378259053,80,38,66.66666667,124,86,2.306668725,20977.12439,10732.59255,2,8935.178808,4197.154582,2,129.1803061,129.1803061,67.91854012,81.15464586,177.2059664,1.522135629,1.522135629,0.195994639,1.660724767,0.662463465,0.662463465,0.085300735,0.602146737,0,NA,NA,NA,NA,NA,NA,NA,NA,NA,NA,NA,NA,NA,NA,NA,2,0,120.5284431,30.42532305,57.96558993,258.3606123
"43","20191010_sample_3.SWC",1525,14,30,-0.007341374,2.593350474,82.41830065,13.30769231,58.21428571,187,173.6923077,2.940166707,2458200.333,902001.449,26,90.62136654,90.80278369,80.37525841,3.083141823,425.0749545,7.934354905,1.362567721,33.06331184,170.0292545,0.696431766,0.734139228,0.195508701,0.005881341,9,79.03057301,89.91522903,63.47482926,5.701058813,151.1639284,67.76539568,68.61488696,25.99447779,30.60386315,124.0503281,108.7359205,97.2813616,40.92680161,64.48541848,152.2789262,17,9,490.6739718,5,98.83421799,417.9661319,240.117828,1797.682726,910,11,60,-0.011197811,2.743867971,57.47252747,11.375,52.27272727,93.8,82.425,2.437056606,731052.1688,545829.3716,17,80.94578538,94.59938724,40.96956688,3.65503762,138.7263513,1.377609415,1.321476326,0.29714367,2.179820196,0.753344349,0.756729409,0.139440378,0.458753434,5,54.29445647,18.93064409,60.53214339,5.701058813,144.0660249,56.13111758,64.492675,19.51265349,30.60386315,76.26896574,152.2789262,152.2789262,NA,152.2789262,152.2789262,13,2,98.83421799,120.8216125,240.117828,1376.078351,NA,NA,NA,NA,NA,NA,NA,NA,NA,NA,NA,0,0,0,NA,NA,NA,NA,NA,NA,NA,NA,NA,NA,NA,NA,NA,0,NA,NA,NA,NA,NA,NA,NA,NA,NA,NA,NA,NA,NA,NA,NA,0,NA,0,0,0,0,240,5,30,-0.006547074,1.610476749,57.08333333,20.8,46.66666667,93,72.2,2.221527603,100042.0017,66424.23014,4,11380.57221,7540.666932,4,105.4010937,102.4670864,42.65873347,57.83331472,158.8368871,1.876121012,1.57186993,0.724832364,2.945956139,0.581839316,0.640544622,0.170148177,0.339448367,0,NA,NA,NA,NA,NA,NA,NA,NA,NA,NA,NA,NA,NA,NA,NA,4,0,61.62320474,105.6925925,175.0759884,421.6043747
"44","20200106_sample_4.SWC",2925,29,50,-0.008851736,3.439266087,91.63822526,24.36842105,69.03846154,174.75,150.3815789,2.965577039,3839095.839,2536975.202,82,60.12816384,53.38815249,34.3578761,5.672149391,168.8393881,2.36586682,1.413356968,7.197159372,66.48309999,0.681314888,0.707535797,0.16705891,0.015041417,37,84.44170366,83.0760244,47.50765746,6.826872932,175.6750224,51.49432527,51.43827299,31.51545508,4.68439037,108.3985759,81.98570091,77.03716127,42.76536116,6.318275704,161.5655786,45,7,54.87653109,9,137.6065307,276.426094,366.0143095,4816.777521,1080,18,40,-0.010179382,2.894559094,49.07407407,14.22222222,43.33333333,74.57142857,60.34920635,2.167022593,599625.1056,501660.3658,29,58.2700116,50.43266631,36.67223456,11.94157438,168.8393881,1.416309624,1.412218107,0.221513606,1.901435248,0.722850558,0.708105918,0.112798428,0.525918514,12,65.0614991,75.99457245,48.76056949,6.826872932,143.8116993,44.11770124,33.58365276,35.41231038,4.68439037,108.3985759,78.3797065,80.61632245,31.2001912,37.66811172,147.2599845,18,6,101.6511192,126.8399436,203.6283202,1689.830336,1465,12,180,-0.002792681,2.247900447,132.7891156,59.5,132.2727273,192.1666667,132.6666667,2.973423706,2016018.112,1403219.71,39,64.24121951,62.97698912,34.18178868,3.952720582,136.2180608,1.658333349,1.406122374,0.875363682,5.285614671,0.686278776,0.711175655,0.178313791,0.189192755,19,101.3643559,96.58827518,39.48680603,33.57994075,160.6304411,53.74136691,55.87450446,27.39586059,11.56333377,106.1712936,84.96758621,73.53222886,52.00803659,6.318275704,161.5655786,20,7,94.30882044,195.475768,366.0143095,2505.407561,340,7,50,0.00775561,1.152848216,58.23529412,28,52.85714286,79,51,1.968361693,103305.5377,89115.19184,1,103305.5377,89115.19184,12,51.79496868,51.23561632,34.60291726,5.672149391,105.1414488,1.526555266,1.640523858,0.278615089,1.958749488,0.676549409,0.609595484,0.129593273,0.510529808,5,76.55608337,41.51278932,59.83009142,36.18647476,175.6750224,66.05172885,73.22758994,36.11804498,10.61090313,105.8434737,95.55743331,93.24361681,24.13117833,70.39394926,125.3485504,7,4,57.11551438,65.27398432,100.7145936,621.5396242
